datetime_beginning_utc,datetime_beginning_ept,pnode_id,pnode_name,voltage,equipment,type,zone,system_energy_price_da,total_lmp_da,congestion_price_da,marginal_loss_price_da,row_is_current,version_nbr
11/1/2019 4:00:00 AM,11/1/2019 12:00:00 AM,51298,PEPCO,,,ZONE,,20.62,23.413849,2.864678,-0.070829,True,1
11/1/2019 5:00:00 AM,11/1/2019 1:00:00 AM,51298,PEPCO,,,ZONE,,20.56,23.841861,3.357263,-0.075402,True,1
11/1/2019 6:00:00 AM,11/1/2019 2:00:00 AM,51298,PEPCO,,,ZONE,,20.34,23.635872,3.370300,-0.074428,True,1
11/1/2019 7:00:00 AM,11/1/2019 3:00:00 AM,51298,PEPCO,,,ZONE,,20.54,23.918204,3.457150,-0.078946,True,1
11/1/2019 8:00:00 AM,11/1/2019 4:00:00 AM,51298,PEPCO,,,ZONE,,21.19,24.739086,3.608438,-0.059352,True,1
11/1/2019 9:00:00 AM,11/1/2019 5:00:00 AM,51298,PEPCO,,,ZONE,,24.29,28.371302,4.111133,-0.029831,True,1
11/1/2019 10:00:00 AM,11/1/2019 6:00:00 AM,51298,PEPCO,,,ZONE,,32.04,38.315270,6.163829,0.111441,True,1
11/1/2019 11:00:00 AM,11/1/2019 7:00:00 AM,51298,PEPCO,,,ZONE,,39.39,47.689763,8.224217,0.075546,True,1
11/1/2019 12:00:00 PM,11/1/2019 8:00:00 AM,51298,PEPCO,,,ZONE,,33.23,39.205317,5.838081,0.137236,True,1
11/1/2019 1:00:00 PM,11/1/2019 9:00:00 AM,51298,PEPCO,,,ZONE,,30.77,35.901510,4.912769,0.218741,True,1
11/1/2019 2:00:00 PM,11/1/2019 10:00:00 AM,51298,PEPCO,,,ZONE,,30.34,35.143182,4.670484,0.132698,True,1
11/1/2019 3:00:00 PM,11/1/2019 11:00:00 AM,51298,PEPCO,,,ZONE,,29.06,33.755596,4.499588,0.196008,True,1
11/1/2019 4:00:00 PM,11/1/2019 12:00:00 PM,51298,PEPCO,,,ZONE,,27.28,31.172528,3.717895,0.174633,True,1
11/1/2019 5:00:00 PM,11/1/2019 1:00:00 PM,51298,PEPCO,,,ZONE,,26.54,30.580109,3.830839,0.209270,True,1
11/1/2019 6:00:00 PM,11/1/2019 2:00:00 PM,51298,PEPCO,,,ZONE,,24.85,28.437591,3.393983,0.193608,True,1
11/1/2019 7:00:00 PM,11/1/2019 3:00:00 PM,51298,PEPCO,,,ZONE,,23.85,27.205088,3.134849,0.220239,True,1
11/1/2019 8:00:00 PM,11/1/2019 4:00:00 PM,51298,PEPCO,,,ZONE,,24.86,28.909656,3.743721,0.305935,True,1
11/1/2019 9:00:00 PM,11/1/2019 5:00:00 PM,51298,PEPCO,,,ZONE,,27.91,32.268562,4.072923,0.285639,True,1
11/1/2019 10:00:00 PM,11/1/2019 6:00:00 PM,51298,PEPCO,,,ZONE,,31.56,37.417254,5.580985,0.276269,True,1
11/1/2019 11:00:00 PM,11/1/2019 7:00:00 PM,51298,PEPCO,,,ZONE,,31.62,37.798299,5.895357,0.282942,True,1
11/2/2019 12:00:00 AM,11/1/2019 8:00:00 PM,51298,PEPCO,,,ZONE,,31.01,36.697479,5.440595,0.246884,True,1
11/2/2019 1:00:00 AM,11/1/2019 9:00:00 PM,51298,PEPCO,,,ZONE,,27.98,31.743995,3.640623,0.123372,True,1
11/2/2019 2:00:00 AM,11/1/2019 10:00:00 PM,51298,PEPCO,,,ZONE,,25.40,28.458338,3.023054,0.035284,True,1
11/2/2019 3:00:00 AM,11/1/2019 11:00:00 PM,51298,PEPCO,,,ZONE,,23.97,26.297780,2.404862,-0.077082,True,1
11/2/2019 4:00:00 AM,11/2/2019 12:00:00 AM,51298,PEPCO,,,ZONE,,26.92,28.474041,1.884807,-0.330766,True,1
11/2/2019 5:00:00 AM,11/2/2019 1:00:00 AM,51298,PEPCO,,,ZONE,,24.72,26.795875,2.406935,-0.331060,True,1
11/2/2019 6:00:00 AM,11/2/2019 2:00:00 AM,51298,PEPCO,,,ZONE,,23.48,26.433943,3.288518,-0.334575,True,1
11/2/2019 7:00:00 AM,11/2/2019 3:00:00 AM,51298,PEPCO,,,ZONE,,23.37,26.464548,3.422699,-0.328151,True,1
11/2/2019 8:00:00 AM,11/2/2019 4:00:00 AM,51298,PEPCO,,,ZONE,,24.43,26.778096,2.659831,-0.311735,True,1
11/2/2019 9:00:00 AM,11/2/2019 5:00:00 AM,51298,PEPCO,,,ZONE,,26.30,28.680029,2.481253,-0.101224,True,1
11/2/2019 10:00:00 AM,11/2/2019 6:00:00 AM,51298,PEPCO,,,ZONE,,31.25,36.941463,5.834535,-0.143072,True,1
11/2/2019 11:00:00 AM,11/2/2019 7:00:00 AM,51298,PEPCO,,,ZONE,,35.04,42.544646,7.612464,-0.107818,True,1
11/2/2019 12:00:00 PM,11/2/2019 8:00:00 AM,51298,PEPCO,,,ZONE,,36.40,42.157906,5.955102,-0.197196,True,1
11/2/2019 1:00:00 PM,11/2/2019 9:00:00 AM,51298,PEPCO,,,ZONE,,33.15,39.227974,6.240370,-0.162396,True,1
11/2/2019 2:00:00 PM,11/2/2019 10:00:00 AM,51298,PEPCO,,,ZONE,,30.71,37.226897,6.623193,-0.106296,True,1
11/2/2019 3:00:00 PM,11/2/2019 11:00:00 AM,51298,PEPCO,,,ZONE,,26.14,31.482468,5.365826,-0.023358,True,1
11/2/2019 4:00:00 PM,11/2/2019 12:00:00 PM,51298,PEPCO,,,ZONE,,23.88,28.277989,4.439211,-0.041222,True,1
11/2/2019 5:00:00 PM,11/2/2019 1:00:00 PM,51298,PEPCO,,,ZONE,,23.23,27.857538,4.679766,-0.052228,True,1
11/2/2019 6:00:00 PM,11/2/2019 2:00:00 PM,51298,PEPCO,,,ZONE,,22.42,27.126579,4.685578,0.021001,True,1
11/2/2019 7:00:00 PM,11/2/2019 3:00:00 PM,51298,PEPCO,,,ZONE,,22.36,26.675345,4.239305,0.076040,True,1
11/2/2019 8:00:00 PM,11/2/2019 4:00:00 PM,51298,PEPCO,,,ZONE,,22.92,27.387913,4.351666,0.116247,True,1
11/2/2019 9:00:00 PM,11/2/2019 5:00:00 PM,51298,PEPCO,,,ZONE,,24.32,28.865456,4.404140,0.141316,True,1
11/2/2019 10:00:00 PM,11/2/2019 6:00:00 PM,51298,PEPCO,,,ZONE,,30.65,37.806509,6.750050,0.406459,True,1
11/2/2019 11:00:00 PM,11/2/2019 7:00:00 PM,51298,PEPCO,,,ZONE,,32.13,40.501569,7.927738,0.443831,True,1
11/3/2019 12:00:00 AM,11/2/2019 8:00:00 PM,51298,PEPCO,,,ZONE,,30.25,37.183052,6.574838,0.358214,True,1
11/3/2019 1:00:00 AM,11/2/2019 9:00:00 PM,51298,PEPCO,,,ZONE,,28.48,34.542828,5.899195,0.163633,True,1
11/3/2019 2:00:00 AM,11/2/2019 10:00:00 PM,51298,PEPCO,,,ZONE,,24.02,28.245213,4.124382,0.100831,True,1
11/3/2019 3:00:00 AM,11/2/2019 11:00:00 PM,51298,PEPCO,,,ZONE,,23.74,27.993296,4.123915,0.129381,True,1
11/3/2019 4:00:00 AM,11/3/2019 12:00:00 AM,51298,PEPCO,,,ZONE,,23.03,28.238713,4.943021,0.265692,True,1
11/3/2019 5:00:00 AM,11/3/2019 1:00:00 AM,51298,PEPCO,,,ZONE,,22.43,27.139722,4.489791,0.219931,True,1
11/3/2019 6:00:00 AM,11/3/2019 1:00:00 AM,51298,PEPCO,,,ZONE,,21.94,25.536728,3.391106,0.205622,True,1
11/3/2019 7:00:00 AM,11/3/2019 2:00:00 AM,51298,PEPCO,,,ZONE,,21.71,26.268574,4.405277,0.153297,True,1
11/3/2019 8:00:00 AM,11/3/2019 3:00:00 AM,51298,PEPCO,,,ZONE,,21.62,26.102805,4.279001,0.203804,True,1
11/3/2019 9:00:00 AM,11/3/2019 4:00:00 AM,51298,PEPCO,,,ZONE,,21.95,26.534627,4.374291,0.210336,True,1
11/3/2019 10:00:00 AM,11/3/2019 5:00:00 AM,51298,PEPCO,,,ZONE,,22.14,27.342079,4.931639,0.270440,True,1
11/3/2019 11:00:00 AM,11/3/2019 6:00:00 AM,51298,PEPCO,,,ZONE,,23.40,29.896013,6.238845,0.257168,True,1
11/3/2019 12:00:00 PM,11/3/2019 7:00:00 AM,51298,PEPCO,,,ZONE,,26.74,35.200028,8.119764,0.340264,True,1
11/3/2019 1:00:00 PM,11/3/2019 8:00:00 AM,51298,PEPCO,,,ZONE,,28.33,36.237731,7.546195,0.361536,True,1
11/3/2019 2:00:00 PM,11/3/2019 9:00:00 AM,51298,PEPCO,,,ZONE,,25.06,31.225980,5.855212,0.310768,True,1
11/3/2019 3:00:00 PM,11/3/2019 10:00:00 AM,51298,PEPCO,,,ZONE,,22.78,27.595603,4.534303,0.281300,True,1
11/3/2019 4:00:00 PM,11/3/2019 11:00:00 AM,51298,PEPCO,,,ZONE,,22.12,26.444841,4.102879,0.221962,True,1
11/3/2019 5:00:00 PM,11/3/2019 12:00:00 PM,51298,PEPCO,,,ZONE,,21.85,26.044119,4.032243,0.161876,True,1
11/3/2019 6:00:00 PM,11/3/2019 1:00:00 PM,51298,PEPCO,,,ZONE,,21.53,25.981880,4.319965,0.131915,True,1
11/3/2019 7:00:00 PM,11/3/2019 2:00:00 PM,51298,PEPCO,,,ZONE,,21.11,25.509123,4.234908,0.164215,True,1
11/3/2019 8:00:00 PM,11/3/2019 3:00:00 PM,51298,PEPCO,,,ZONE,,21.70,25.974188,4.061080,0.213108,True,1
11/3/2019 9:00:00 PM,11/3/2019 4:00:00 PM,51298,PEPCO,,,ZONE,,24.17,28.621401,4.220941,0.230460,True,1
11/3/2019 10:00:00 PM,11/3/2019 5:00:00 PM,51298,PEPCO,,,ZONE,,37.47,46.056754,8.189699,0.397055,True,1
11/3/2019 11:00:00 PM,11/3/2019 6:00:00 PM,51298,PEPCO,,,ZONE,,31.65,41.285327,9.128628,0.506699,True,1
11/4/2019 12:00:00 AM,11/3/2019 7:00:00 PM,51298,PEPCO,,,ZONE,,30.79,39.672642,8.453565,0.429077,True,1
11/4/2019 1:00:00 AM,11/3/2019 8:00:00 PM,51298,PEPCO,,,ZONE,,29.52,36.676913,6.782560,0.374353,True,1
11/4/2019 2:00:00 AM,11/3/2019 9:00:00 PM,51298,PEPCO,,,ZONE,,25.86,31.416785,5.332346,0.224439,True,1
11/4/2019 3:00:00 AM,11/3/2019 10:00:00 PM,51298,PEPCO,,,ZONE,,22.99,26.815506,3.681344,0.144162,True,1
11/4/2019 4:00:00 AM,11/3/2019 11:00:00 PM,51298,PEPCO,,,ZONE,,22.12,25.800210,3.580562,0.099648,True,1
11/4/2019 5:00:00 AM,11/4/2019 12:00:00 AM,51298,PEPCO,,,ZONE,,21.63,25.400296,3.794589,-0.024293,True,1
11/4/2019 6:00:00 AM,11/4/2019 1:00:00 AM,51298,PEPCO,,,ZONE,,21.64,25.444441,3.788095,0.016346,True,1
11/4/2019 7:00:00 AM,11/4/2019 2:00:00 AM,51298,PEPCO,,,ZONE,,21.38,25.255161,3.800267,0.074894,True,1
11/4/2019 8:00:00 AM,11/4/2019 3:00:00 AM,51298,PEPCO,,,ZONE,,21.50,25.463791,3.872534,0.091257,True,1
11/4/2019 9:00:00 AM,11/4/2019 4:00:00 AM,51298,PEPCO,,,ZONE,,22.20,27.716992,5.419516,0.097476,True,1
11/4/2019 10:00:00 AM,11/4/2019 5:00:00 AM,51298,PEPCO,,,ZONE,,31.63,41.409419,9.638457,0.140962,True,1
11/4/2019 11:00:00 AM,11/4/2019 6:00:00 AM,51298,PEPCO,,,ZONE,,44.40,59.376485,14.691160,0.285325,True,1
11/4/2019 12:00:00 PM,11/4/2019 7:00:00 AM,51298,PEPCO,,,ZONE,,42.23,55.337774,12.760403,0.347371,True,1
11/4/2019 1:00:00 PM,11/4/2019 8:00:00 AM,51298,PEPCO,,,ZONE,,35.28,43.202540,7.639250,0.283290,True,1
11/4/2019 2:00:00 PM,11/4/2019 9:00:00 AM,51298,PEPCO,,,ZONE,,32.78,38.789728,5.815201,0.194527,True,1
11/4/2019 3:00:00 PM,11/4/2019 10:00:00 AM,51298,PEPCO,,,ZONE,,31.97,38.560065,6.468658,0.121407,True,1
11/4/2019 4:00:00 PM,11/4/2019 11:00:00 AM,51298,PEPCO,,,ZONE,,30.00,38.296050,8.165293,0.130757,True,1
11/4/2019 5:00:00 PM,11/4/2019 12:00:00 PM,51298,PEPCO,,,ZONE,,27.99,35.346912,7.151727,0.205185,True,1
11/4/2019 6:00:00 PM,11/4/2019 1:00:00 PM,51298,PEPCO,,,ZONE,,29.47,37.835576,8.100062,0.265514,True,1
11/4/2019 7:00:00 PM,11/4/2019 2:00:00 PM,51298,PEPCO,,,ZONE,,25.81,30.484547,4.447393,0.227154,True,1
11/4/2019 8:00:00 PM,11/4/2019 3:00:00 PM,51298,PEPCO,,,ZONE,,26.36,30.440749,3.771262,0.309487,True,1
11/4/2019 9:00:00 PM,11/4/2019 4:00:00 PM,51298,PEPCO,,,ZONE,,32.74,37.678610,4.420481,0.518129,True,1
11/4/2019 10:00:00 PM,11/4/2019 5:00:00 PM,51298,PEPCO,,,ZONE,,48.61,57.313809,7.493593,1.210216,True,1
11/4/2019 11:00:00 PM,11/4/2019 6:00:00 PM,51298,PEPCO,,,ZONE,,39.70,48.462931,7.834224,0.928707,True,1
11/5/2019 12:00:00 AM,11/4/2019 7:00:00 PM,51298,PEPCO,,,ZONE,,36.29,46.015245,9.056807,0.668438,True,1
11/5/2019 1:00:00 AM,11/4/2019 8:00:00 PM,51298,PEPCO,,,ZONE,,31.71,39.997034,7.695461,0.591573,True,1
11/5/2019 2:00:00 AM,11/4/2019 9:00:00 PM,51298,PEPCO,,,ZONE,,30.10,37.651550,7.045754,0.505796,True,1
11/5/2019 3:00:00 AM,11/4/2019 10:00:00 PM,51298,PEPCO,,,ZONE,,25.37,31.169145,5.403023,0.396122,True,1
11/5/2019 4:00:00 AM,11/4/2019 11:00:00 PM,51298,PEPCO,,,ZONE,,22.84,26.324981,3.085039,0.399942,True,1
11/5/2019 5:00:00 AM,11/5/2019 12:00:00 AM,51298,PEPCO,,,ZONE,,21.91,26.948856,4.542386,0.496470,True,1
11/5/2019 6:00:00 AM,11/5/2019 1:00:00 AM,51298,PEPCO,,,ZONE,,21.37,26.401541,4.545873,0.485668,True,1
11/5/2019 7:00:00 AM,11/5/2019 2:00:00 AM,51298,PEPCO,,,ZONE,,20.78,24.824671,3.534755,0.509916,True,1
11/5/2019 8:00:00 AM,11/5/2019 3:00:00 AM,51298,PEPCO,,,ZONE,,21.12,25.866461,4.277933,0.468528,True,1
11/5/2019 9:00:00 AM,11/5/2019 4:00:00 AM,51298,PEPCO,,,ZONE,,21.86,27.348616,4.977626,0.510990,True,1
11/5/2019 10:00:00 AM,11/5/2019 5:00:00 AM,51298,PEPCO,,,ZONE,,23.69,31.133756,6.836133,0.607623,True,1
11/5/2019 11:00:00 AM,11/5/2019 6:00:00 AM,51298,PEPCO,,,ZONE,,34.94,49.647661,13.321197,1.386464,True,1
11/5/2019 12:00:00 PM,11/5/2019 7:00:00 AM,51298,PEPCO,,,ZONE,,35.05,47.034757,10.893685,1.091072,True,1
11/5/2019 1:00:00 PM,11/5/2019 8:00:00 AM,51298,PEPCO,,,ZONE,,32.31,39.812323,6.797615,0.704708,True,1
11/5/2019 2:00:00 PM,11/5/2019 9:00:00 AM,51298,PEPCO,,,ZONE,,32.53,38.408062,5.328767,0.549295,True,1
11/5/2019 3:00:00 PM,11/5/2019 10:00:00 AM,51298,PEPCO,,,ZONE,,31.87,37.834265,5.526479,0.437786,True,1
11/5/2019 4:00:00 PM,11/5/2019 11:00:00 AM,51298,PEPCO,,,ZONE,,30.66,35.728206,4.656214,0.411992,True,1
11/5/2019 5:00:00 PM,11/5/2019 12:00:00 PM,51298,PEPCO,,,ZONE,,29.01,33.565824,4.179847,0.375977,True,1
11/5/2019 6:00:00 PM,11/5/2019 1:00:00 PM,51298,PEPCO,,,ZONE,,29.55,34.447104,4.549367,0.347737,True,1
11/5/2019 7:00:00 PM,11/5/2019 2:00:00 PM,51298,PEPCO,,,ZONE,,26.17,29.853973,3.364180,0.319793,True,1
11/5/2019 8:00:00 PM,11/5/2019 3:00:00 PM,51298,PEPCO,,,ZONE,,26.22,29.844182,3.216625,0.407557,True,1
11/5/2019 9:00:00 PM,11/5/2019 4:00:00 PM,51298,PEPCO,,,ZONE,,32.10,36.518055,3.796421,0.621634,True,1
11/5/2019 10:00:00 PM,11/5/2019 5:00:00 PM,51298,PEPCO,,,ZONE,,42.92,51.167413,7.098890,1.148523,True,1
11/5/2019 11:00:00 PM,11/5/2019 6:00:00 PM,51298,PEPCO,,,ZONE,,38.74,48.311381,8.630965,0.940416,True,1
11/6/2019 12:00:00 AM,11/5/2019 7:00:00 PM,51298,PEPCO,,,ZONE,,36.96,44.809755,7.053097,0.796658,True,1
11/6/2019 1:00:00 AM,11/5/2019 8:00:00 PM,51298,PEPCO,,,ZONE,,35.16,42.498174,6.781001,0.557173,True,1
11/6/2019 2:00:00 AM,11/5/2019 9:00:00 PM,51298,PEPCO,,,ZONE,,33.98,40.849909,6.308340,0.561569,True,1
11/6/2019 3:00:00 AM,11/5/2019 10:00:00 PM,51298,PEPCO,,,ZONE,,27.78,32.336192,4.210401,0.345791,True,1
11/6/2019 4:00:00 AM,11/5/2019 11:00:00 PM,51298,PEPCO,,,ZONE,,24.78,27.601620,2.585651,0.235969,True,1
11/6/2019 5:00:00 AM,11/6/2019 12:00:00 AM,51298,PEPCO,,,ZONE,,23.93,28.618558,4.342348,0.346210,True,1
11/6/2019 6:00:00 AM,11/6/2019 1:00:00 AM,51298,PEPCO,,,ZONE,,23.67,27.288790,3.273144,0.345646,True,1
11/6/2019 7:00:00 AM,11/6/2019 2:00:00 AM,51298,PEPCO,,,ZONE,,23.05,26.570256,3.240137,0.280119,True,1
11/6/2019 8:00:00 AM,11/6/2019 3:00:00 AM,51298,PEPCO,,,ZONE,,23.22,27.834371,4.360185,0.254186,True,1
11/6/2019 9:00:00 AM,11/6/2019 4:00:00 AM,51298,PEPCO,,,ZONE,,25.52,29.079687,3.243787,0.315900,True,1
11/6/2019 10:00:00 AM,11/6/2019 5:00:00 AM,51298,PEPCO,,,ZONE,,27.44,32.825456,5.115259,0.270197,True,1
11/6/2019 11:00:00 AM,11/6/2019 6:00:00 AM,51298,PEPCO,,,ZONE,,38.04,46.403544,7.768328,0.595216,True,1
11/6/2019 12:00:00 PM,11/6/2019 7:00:00 AM,51298,PEPCO,,,ZONE,,38.48,46.336575,7.545394,0.311181,True,1
11/6/2019 1:00:00 PM,11/6/2019 8:00:00 AM,51298,PEPCO,,,ZONE,,33.50,37.509254,3.793177,0.216077,True,1
11/6/2019 2:00:00 PM,11/6/2019 9:00:00 AM,51298,PEPCO,,,ZONE,,31.30,33.559321,2.066723,0.192598,True,1
11/6/2019 3:00:00 PM,11/6/2019 10:00:00 AM,51298,PEPCO,,,ZONE,,29.85,31.286948,1.356215,0.080733,True,1
11/6/2019 4:00:00 PM,11/6/2019 11:00:00 AM,51298,PEPCO,,,ZONE,,28.50,30.137558,1.656844,-0.019286,True,1
11/6/2019 5:00:00 PM,11/6/2019 12:00:00 PM,51298,PEPCO,,,ZONE,,27.18,28.782320,1.593546,0.008774,True,1
11/6/2019 6:00:00 PM,11/6/2019 1:00:00 PM,51298,PEPCO,,,ZONE,,27.27,28.869614,1.610572,-0.010958,True,1
11/6/2019 7:00:00 PM,11/6/2019 2:00:00 PM,51298,PEPCO,,,ZONE,,25.70,27.134716,1.409032,0.025684,True,1
11/6/2019 8:00:00 PM,11/6/2019 3:00:00 PM,51298,PEPCO,,,ZONE,,26.07,27.544312,1.408827,0.065485,True,1
11/6/2019 9:00:00 PM,11/6/2019 4:00:00 PM,51298,PEPCO,,,ZONE,,29.17,31.629037,2.267959,0.191078,True,1
11/6/2019 10:00:00 PM,11/6/2019 5:00:00 PM,51298,PEPCO,,,ZONE,,41.43,46.215599,4.218252,0.567347,True,1
11/6/2019 11:00:00 PM,11/6/2019 6:00:00 PM,51298,PEPCO,,,ZONE,,37.20,43.721493,6.209899,0.311594,True,1
11/7/2019 12:00:00 AM,11/6/2019 7:00:00 PM,51298,PEPCO,,,ZONE,,35.78,40.783212,4.767468,0.235744,True,1
11/7/2019 1:00:00 AM,11/6/2019 8:00:00 PM,51298,PEPCO,,,ZONE,,33.85,37.820683,3.719773,0.250910,True,1
11/7/2019 2:00:00 AM,11/6/2019 9:00:00 PM,51298,PEPCO,,,ZONE,,30.80,34.510597,3.574188,0.136409,True,1
11/7/2019 3:00:00 AM,11/6/2019 10:00:00 PM,51298,PEPCO,,,ZONE,,26.70,29.503505,2.786599,0.016906,True,1
11/7/2019 4:00:00 AM,11/6/2019 11:00:00 PM,51298,PEPCO,,,ZONE,,24.36,26.656739,2.298913,-0.002174,True,1
11/7/2019 5:00:00 AM,11/7/2019 12:00:00 AM,51298,PEPCO,,,ZONE,,22.87,25.239386,2.373885,-0.004499,True,1
11/7/2019 6:00:00 AM,11/7/2019 1:00:00 AM,51298,PEPCO,,,ZONE,,22.33,24.818732,2.470636,0.018096,True,1
11/7/2019 7:00:00 AM,11/7/2019 2:00:00 AM,51298,PEPCO,,,ZONE,,21.72,24.206684,2.493090,-0.006406,True,1
11/7/2019 8:00:00 AM,11/7/2019 3:00:00 AM,51298,PEPCO,,,ZONE,,22.22,24.910261,2.666207,0.024054,True,1
11/7/2019 9:00:00 AM,11/7/2019 4:00:00 AM,51298,PEPCO,,,ZONE,,24.01,27.022503,2.958816,0.053687,True,1
11/7/2019 10:00:00 AM,11/7/2019 5:00:00 AM,51298,PEPCO,,,ZONE,,26.65,30.467668,3.765142,0.052526,True,1
11/7/2019 11:00:00 AM,11/7/2019 6:00:00 AM,51298,PEPCO,,,ZONE,,36.34,41.808565,5.039261,0.429304,True,1
11/7/2019 12:00:00 PM,11/7/2019 7:00:00 AM,51298,PEPCO,,,ZONE,,37.24,42.703556,5.032115,0.431441,True,1
11/7/2019 1:00:00 PM,11/7/2019 8:00:00 AM,51298,PEPCO,,,ZONE,,33.96,36.924380,2.693248,0.271132,True,1
11/7/2019 2:00:00 PM,11/7/2019 9:00:00 AM,51298,PEPCO,,,ZONE,,33.76,34.481623,0.500534,0.221089,True,1
11/7/2019 3:00:00 PM,11/7/2019 10:00:00 AM,51298,PEPCO,,,ZONE,,34.24,34.458036,0.007527,0.210509,True,1
11/7/2019 4:00:00 PM,11/7/2019 11:00:00 AM,51298,PEPCO,,,ZONE,,33.44,33.827390,0.097253,0.290137,True,1
11/7/2019 5:00:00 PM,11/7/2019 12:00:00 PM,51298,PEPCO,,,ZONE,,33.29,33.408905,-0.217726,0.336631,True,1
11/7/2019 6:00:00 PM,11/7/2019 1:00:00 PM,51298,PEPCO,,,ZONE,,33.88,34.096690,-0.125374,0.342064,True,1
11/7/2019 7:00:00 PM,11/7/2019 2:00:00 PM,51298,PEPCO,,,ZONE,,30.67,30.723568,-0.252679,0.306247,True,1
11/7/2019 8:00:00 PM,11/7/2019 3:00:00 PM,51298,PEPCO,,,ZONE,,30.62,30.663209,-0.324042,0.367251,True,1
11/7/2019 9:00:00 PM,11/7/2019 4:00:00 PM,51298,PEPCO,,,ZONE,,33.70,33.074907,-1.023498,0.398405,True,1
11/7/2019 10:00:00 PM,11/7/2019 5:00:00 PM,51298,PEPCO,,,ZONE,,43.89,47.325509,2.688687,0.746822,True,1
11/7/2019 11:00:00 PM,11/7/2019 6:00:00 PM,51298,PEPCO,,,ZONE,,41.41,44.098326,2.119527,0.568799,True,1
11/8/2019 12:00:00 AM,11/7/2019 7:00:00 PM,51298,PEPCO,,,ZONE,,40.09,43.302925,2.644203,0.568722,True,1
11/8/2019 1:00:00 AM,11/7/2019 8:00:00 PM,51298,PEPCO,,,ZONE,,38.11,39.768803,1.235676,0.423127,True,1
11/8/2019 2:00:00 AM,11/7/2019 9:00:00 PM,51298,PEPCO,,,ZONE,,35.18,36.872625,1.230151,0.462474,True,1
11/8/2019 3:00:00 AM,11/7/2019 10:00:00 PM,51298,PEPCO,,,ZONE,,30.39,32.004234,1.205193,0.409041,True,1
11/8/2019 4:00:00 AM,11/7/2019 11:00:00 PM,51298,PEPCO,,,ZONE,,26.41,27.849240,1.107658,0.331582,True,1
11/8/2019 5:00:00 AM,11/8/2019 12:00:00 AM,51298,PEPCO,,,ZONE,,24.98,26.760787,1.616422,0.164365,True,1
11/8/2019 6:00:00 AM,11/8/2019 1:00:00 AM,51298,PEPCO,,,ZONE,,24.41,26.485997,1.851333,0.224664,True,1
11/8/2019 7:00:00 AM,11/8/2019 2:00:00 AM,51298,PEPCO,,,ZONE,,23.77,25.366585,1.394736,0.201849,True,1
11/8/2019 8:00:00 AM,11/8/2019 3:00:00 AM,51298,PEPCO,,,ZONE,,24.61,26.766638,1.945737,0.210901,True,1
11/8/2019 9:00:00 AM,11/8/2019 4:00:00 AM,51298,PEPCO,,,ZONE,,26.63,29.149795,2.338032,0.181763,True,1
11/8/2019 10:00:00 AM,11/8/2019 5:00:00 AM,51298,PEPCO,,,ZONE,,33.31,37.746019,4.063913,0.372106,True,1
11/8/2019 11:00:00 AM,11/8/2019 6:00:00 AM,51298,PEPCO,,,ZONE,,41.56,47.381090,5.097466,0.723624,True,1
11/8/2019 12:00:00 PM,11/8/2019 7:00:00 AM,51298,PEPCO,,,ZONE,,43.19,50.285860,6.389719,0.706141,True,1
11/8/2019 1:00:00 PM,11/8/2019 8:00:00 AM,51298,PEPCO,,,ZONE,,39.01,43.345389,3.872399,0.462990,True,1
11/8/2019 2:00:00 PM,11/8/2019 9:00:00 AM,51298,PEPCO,,,ZONE,,38.31,42.505232,3.906249,0.288983,True,1
11/8/2019 3:00:00 PM,11/8/2019 10:00:00 AM,51298,PEPCO,,,ZONE,,38.44,43.515755,4.849558,0.226197,True,1
11/8/2019 4:00:00 PM,11/8/2019 11:00:00 AM,51298,PEPCO,,,ZONE,,37.35,42.374096,4.885294,0.138802,True,1
11/8/2019 5:00:00 PM,11/8/2019 12:00:00 PM,51298,PEPCO,,,ZONE,,34.40,38.624513,4.137340,0.087173,True,1
11/8/2019 6:00:00 PM,11/8/2019 1:00:00 PM,51298,PEPCO,,,ZONE,,33.61,36.975661,3.303933,0.061728,True,1
11/8/2019 7:00:00 PM,11/8/2019 2:00:00 PM,51298,PEPCO,,,ZONE,,31.67,35.312111,3.616700,0.025411,True,1
11/8/2019 8:00:00 PM,11/8/2019 3:00:00 PM,51298,PEPCO,,,ZONE,,32.25,35.758270,3.407772,0.100498,True,1
11/8/2019 9:00:00 PM,11/8/2019 4:00:00 PM,51298,PEPCO,,,ZONE,,36.35,41.114558,4.533509,0.231049,True,1
11/8/2019 10:00:00 PM,11/8/2019 5:00:00 PM,51298,PEPCO,,,ZONE,,48.07,54.666022,6.097835,0.498187,True,1
11/8/2019 11:00:00 PM,11/8/2019 6:00:00 PM,51298,PEPCO,,,ZONE,,42.85,50.007503,6.906445,0.251058,True,1
11/9/2019 12:00:00 AM,11/8/2019 7:00:00 PM,51298,PEPCO,,,ZONE,,40.10,45.117818,4.682376,0.335442,True,1
11/9/2019 1:00:00 AM,11/8/2019 8:00:00 PM,51298,PEPCO,,,ZONE,,40.40,44.228850,3.548083,0.280767,True,1
11/9/2019 2:00:00 AM,11/8/2019 9:00:00 PM,51298,PEPCO,,,ZONE,,37.77,42.995210,5.128243,0.096967,True,1
11/9/2019 3:00:00 AM,11/8/2019 10:00:00 PM,51298,PEPCO,,,ZONE,,33.39,36.998491,3.688403,-0.079912,True,1
11/9/2019 4:00:00 AM,11/8/2019 11:00:00 PM,51298,PEPCO,,,ZONE,,29.01,31.501492,2.633462,-0.141970,True,1
11/9/2019 5:00:00 AM,11/9/2019 12:00:00 AM,51298,PEPCO,,,ZONE,,32.72,37.464460,4.727854,0.016606,True,1
11/9/2019 6:00:00 AM,11/9/2019 1:00:00 AM,51298,PEPCO,,,ZONE,,33.16,38.800991,5.541767,0.099224,True,1
11/9/2019 7:00:00 AM,11/9/2019 2:00:00 AM,51298,PEPCO,,,ZONE,,30.04,34.697454,4.575338,0.082116,True,1
11/9/2019 8:00:00 AM,11/9/2019 3:00:00 AM,51298,PEPCO,,,ZONE,,29.60,35.300602,5.593267,0.107335,True,1
11/9/2019 9:00:00 AM,11/9/2019 4:00:00 AM,51298,PEPCO,,,ZONE,,31.16,37.041240,5.818941,0.062299,True,1
11/9/2019 10:00:00 AM,11/9/2019 5:00:00 AM,51298,PEPCO,,,ZONE,,32.94,38.964931,5.945093,0.079838,True,1
11/9/2019 11:00:00 AM,11/9/2019 6:00:00 AM,51298,PEPCO,,,ZONE,,35.46,43.899604,8.225763,0.213841,True,1
11/9/2019 12:00:00 PM,11/9/2019 7:00:00 AM,51298,PEPCO,,,ZONE,,37.76,47.395476,9.335132,0.300344,True,1
11/9/2019 1:00:00 PM,11/9/2019 8:00:00 AM,51298,PEPCO,,,ZONE,,34.65,39.723953,4.783878,0.290075,True,1
11/9/2019 2:00:00 PM,11/9/2019 9:00:00 AM,51298,PEPCO,,,ZONE,,32.97,37.120073,3.809672,0.340401,True,1
11/9/2019 3:00:00 PM,11/9/2019 10:00:00 AM,51298,PEPCO,,,ZONE,,28.88,32.027822,2.853558,0.294264,True,1
11/9/2019 4:00:00 PM,11/9/2019 11:00:00 AM,51298,PEPCO,,,ZONE,,25.64,28.193829,2.334227,0.219602,True,1
11/9/2019 5:00:00 PM,11/9/2019 12:00:00 PM,51298,PEPCO,,,ZONE,,24.58,26.898681,2.147558,0.171123,True,1
11/9/2019 6:00:00 PM,11/9/2019 1:00:00 PM,51298,PEPCO,,,ZONE,,24.36,26.857565,2.317291,0.180274,True,1
11/9/2019 7:00:00 PM,11/9/2019 2:00:00 PM,51298,PEPCO,,,ZONE,,23.59,25.945604,2.124649,0.230955,True,1
11/9/2019 8:00:00 PM,11/9/2019 3:00:00 PM,51298,PEPCO,,,ZONE,,23.52,25.866166,2.055366,0.290800,True,1
11/9/2019 9:00:00 PM,11/9/2019 4:00:00 PM,51298,PEPCO,,,ZONE,,26.25,28.117147,1.383271,0.483876,True,1
11/9/2019 10:00:00 PM,11/9/2019 5:00:00 PM,51298,PEPCO,,,ZONE,,34.22,37.085056,2.048359,0.816697,True,1
11/9/2019 11:00:00 PM,11/9/2019 6:00:00 PM,51298,PEPCO,,,ZONE,,32.67,36.227999,2.987924,0.570075,True,1
11/10/2019 12:00:00 AM,11/9/2019 7:00:00 PM,51298,PEPCO,,,ZONE,,29.96,33.435414,2.857705,0.617709,True,1
11/10/2019 1:00:00 AM,11/9/2019 8:00:00 PM,51298,PEPCO,,,ZONE,,29.36,32.096301,2.002031,0.734270,True,1
11/10/2019 2:00:00 AM,11/9/2019 9:00:00 PM,51298,PEPCO,,,ZONE,,26.85,29.195244,1.609893,0.735351,True,1
11/10/2019 3:00:00 AM,11/9/2019 10:00:00 PM,51298,PEPCO,,,ZONE,,24.15,26.240254,1.555515,0.534739,True,1
11/10/2019 4:00:00 AM,11/9/2019 11:00:00 PM,51298,PEPCO,,,ZONE,,24.08,26.041257,1.417243,0.544014,True,1
11/10/2019 5:00:00 AM,11/10/2019 12:00:00 AM,51298,PEPCO,,,ZONE,,23.34,25.325553,1.629942,0.355611,True,1
11/10/2019 6:00:00 AM,11/10/2019 1:00:00 AM,51298,PEPCO,,,ZONE,,22.30,24.393284,1.756206,0.337078,True,1
11/10/2019 7:00:00 AM,11/10/2019 2:00:00 AM,51298,PEPCO,,,ZONE,,21.72,23.799268,1.769942,0.309326,True,1
11/10/2019 8:00:00 AM,11/10/2019 3:00:00 AM,51298,PEPCO,,,ZONE,,21.49,23.960256,2.166465,0.303791,True,1
11/10/2019 9:00:00 AM,11/10/2019 4:00:00 AM,51298,PEPCO,,,ZONE,,22.29,24.712585,2.064009,0.358576,True,1
11/10/2019 10:00:00 AM,11/10/2019 5:00:00 AM,51298,PEPCO,,,ZONE,,23.52,26.280921,2.287061,0.473860,True,1
11/10/2019 11:00:00 AM,11/10/2019 6:00:00 AM,51298,PEPCO,,,ZONE,,24.43,27.979031,2.942289,0.606742,True,1
11/10/2019 12:00:00 PM,11/10/2019 7:00:00 AM,51298,PEPCO,,,ZONE,,24.60,28.467034,3.228163,0.638871,True,1
11/10/2019 1:00:00 PM,11/10/2019 8:00:00 AM,51298,PEPCO,,,ZONE,,23.77,26.264382,1.891887,0.602495,True,1
11/10/2019 2:00:00 PM,11/10/2019 9:00:00 AM,51298,PEPCO,,,ZONE,,23.61,25.492138,1.408633,0.473505,True,1
11/10/2019 3:00:00 PM,11/10/2019 10:00:00 AM,51298,PEPCO,,,ZONE,,22.80,24.388242,1.202611,0.385631,True,1
11/10/2019 4:00:00 PM,11/10/2019 11:00:00 AM,51298,PEPCO,,,ZONE,,22.34,23.506545,0.831757,0.334788,True,1
11/10/2019 5:00:00 PM,11/10/2019 12:00:00 PM,51298,PEPCO,,,ZONE,,21.90,23.524143,1.317162,0.306981,True,1
11/10/2019 6:00:00 PM,11/10/2019 1:00:00 PM,51298,PEPCO,,,ZONE,,21.69,23.282553,1.271904,0.320649,True,1
11/10/2019 7:00:00 PM,11/10/2019 2:00:00 PM,51298,PEPCO,,,ZONE,,21.02,23.058631,1.743667,0.294964,True,1
11/10/2019 8:00:00 PM,11/10/2019 3:00:00 PM,51298,PEPCO,,,ZONE,,21.44,22.918218,1.117639,0.360579,True,1
11/10/2019 9:00:00 PM,11/10/2019 4:00:00 PM,51298,PEPCO,,,ZONE,,22.64,24.106476,1.073636,0.392840,True,1
11/10/2019 10:00:00 PM,11/10/2019 5:00:00 PM,51298,PEPCO,,,ZONE,,30.11,31.950341,1.064331,0.776010,True,1
11/10/2019 11:00:00 PM,11/10/2019 6:00:00 PM,51298,PEPCO,,,ZONE,,27.41,29.584246,1.608836,0.565410,True,1
11/11/2019 12:00:00 AM,11/10/2019 7:00:00 PM,51298,PEPCO,,,ZONE,,25.86,27.645552,1.313204,0.472348,True,1
11/11/2019 1:00:00 AM,11/10/2019 8:00:00 PM,51298,PEPCO,,,ZONE,,25.20,26.816793,1.105606,0.511187,True,1
11/11/2019 2:00:00 AM,11/10/2019 9:00:00 PM,51298,PEPCO,,,ZONE,,23.35,24.964602,1.179301,0.435301,True,1
11/11/2019 3:00:00 AM,11/10/2019 10:00:00 PM,51298,PEPCO,,,ZONE,,21.78,23.529257,1.378634,0.370623,True,1
11/11/2019 4:00:00 AM,11/10/2019 11:00:00 PM,51298,PEPCO,,,ZONE,,21.16,22.398329,0.837227,0.401102,True,1
11/11/2019 5:00:00 AM,11/11/2019 12:00:00 AM,51298,PEPCO,,,ZONE,,19.87,21.471302,1.345086,0.256216,True,1
11/11/2019 6:00:00 AM,11/11/2019 1:00:00 AM,51298,PEPCO,,,ZONE,,19.66,21.455067,1.519969,0.275098,True,1
11/11/2019 7:00:00 AM,11/11/2019 2:00:00 AM,51298,PEPCO,,,ZONE,,19.09,21.479658,2.151419,0.238239,True,1
11/11/2019 8:00:00 AM,11/11/2019 3:00:00 AM,51298,PEPCO,,,ZONE,,19.05,21.459728,2.183330,0.226398,True,1
11/11/2019 9:00:00 AM,11/11/2019 4:00:00 AM,51298,PEPCO,,,ZONE,,19.97,22.227268,2.038260,0.219008,True,1
11/11/2019 10:00:00 AM,11/11/2019 5:00:00 AM,51298,PEPCO,,,ZONE,,21.49,24.425615,2.666202,0.269413,True,1
11/11/2019 11:00:00 AM,11/11/2019 6:00:00 AM,51298,PEPCO,,,ZONE,,28.44,32.619769,3.800660,0.379109,True,1
11/11/2019 12:00:00 PM,11/11/2019 7:00:00 AM,51298,PEPCO,,,ZONE,,29.00,31.798045,2.464405,0.333640,True,1
11/11/2019 1:00:00 PM,11/11/2019 8:00:00 AM,51298,PEPCO,,,ZONE,,28.70,30.126627,1.176358,0.250269,True,1
11/11/2019 2:00:00 PM,11/11/2019 9:00:00 AM,51298,PEPCO,,,ZONE,,27.86,29.025063,1.012461,0.152602,True,1
11/11/2019 3:00:00 PM,11/11/2019 10:00:00 AM,51298,PEPCO,,,ZONE,,27.47,28.798313,1.198624,0.129689,True,1
11/11/2019 4:00:00 PM,11/11/2019 11:00:00 AM,51298,PEPCO,,,ZONE,,26.03,27.053759,0.989177,0.034582,True,1
11/11/2019 5:00:00 PM,11/11/2019 12:00:00 PM,51298,PEPCO,,,ZONE,,26.01,27.539859,1.487427,0.042432,True,1
11/11/2019 6:00:00 PM,11/11/2019 1:00:00 PM,51298,PEPCO,,,ZONE,,25.98,27.577440,1.519535,0.077905,True,1
11/11/2019 7:00:00 PM,11/11/2019 2:00:00 PM,51298,PEPCO,,,ZONE,,24.59,26.003974,1.397092,0.016882,True,1
11/11/2019 8:00:00 PM,11/11/2019 3:00:00 PM,51298,PEPCO,,,ZONE,,24.72,26.056462,1.262872,0.073590,True,1
11/11/2019 9:00:00 PM,11/11/2019 4:00:00 PM,51298,PEPCO,,,ZONE,,28.00,29.615382,1.499620,0.115762,True,1
11/11/2019 10:00:00 PM,11/11/2019 5:00:00 PM,51298,PEPCO,,,ZONE,,34.41,37.147519,2.321496,0.416023,True,1
11/11/2019 11:00:00 PM,11/11/2019 6:00:00 PM,51298,PEPCO,,,ZONE,,32.70,35.628791,2.815611,0.113180,True,1
11/12/2019 12:00:00 AM,11/11/2019 7:00:00 PM,51298,PEPCO,,,ZONE,,30.65,32.709578,1.984697,0.074881,True,1
11/12/2019 1:00:00 AM,11/11/2019 8:00:00 PM,51298,PEPCO,,,ZONE,,29.41,31.256767,1.681827,0.164940,True,1
11/12/2019 2:00:00 AM,11/11/2019 9:00:00 PM,51298,PEPCO,,,ZONE,,25.92,27.277225,1.250911,0.106314,True,1
11/12/2019 3:00:00 AM,11/11/2019 10:00:00 PM,51298,PEPCO,,,ZONE,,22.87,24.295059,1.402650,0.022409,True,1
11/12/2019 4:00:00 AM,11/11/2019 11:00:00 PM,51298,PEPCO,,,ZONE,,21.70,22.858332,1.138092,0.020240,True,1
11/12/2019 5:00:00 AM,11/12/2019 12:00:00 AM,51298,PEPCO,,,ZONE,,20.90,21.441185,0.672978,-0.131793,True,1
11/12/2019 6:00:00 AM,11/12/2019 1:00:00 AM,51298,PEPCO,,,ZONE,,20.69,21.963219,1.376024,-0.102805,True,1
11/12/2019 7:00:00 AM,11/12/2019 2:00:00 AM,51298,PEPCO,,,ZONE,,20.43,21.705551,1.387552,-0.112001,True,1
11/12/2019 8:00:00 AM,11/12/2019 3:00:00 AM,51298,PEPCO,,,ZONE,,20.71,22.158762,1.567423,-0.118661,True,1
11/12/2019 9:00:00 AM,11/12/2019 4:00:00 AM,51298,PEPCO,,,ZONE,,21.52,22.781711,1.348465,-0.086754,True,1
11/12/2019 10:00:00 AM,11/12/2019 5:00:00 AM,51298,PEPCO,,,ZONE,,24.24,25.513928,1.336089,-0.062161,True,1
11/12/2019 11:00:00 AM,11/12/2019 6:00:00 AM,51298,PEPCO,,,ZONE,,30.84,33.960502,2.858106,0.262396,True,1
11/12/2019 12:00:00 PM,11/12/2019 7:00:00 AM,51298,PEPCO,,,ZONE,,35.08,39.134784,3.863325,0.191459,True,1
11/12/2019 1:00:00 PM,11/12/2019 8:00:00 AM,51298,PEPCO,,,ZONE,,33.43,35.267703,1.771457,0.066246,True,1
11/12/2019 2:00:00 PM,11/12/2019 9:00:00 AM,51298,PEPCO,,,ZONE,,34.92,36.749991,1.873811,-0.043820,True,1
11/12/2019 3:00:00 PM,11/12/2019 10:00:00 AM,51298,PEPCO,,,ZONE,,38.16,39.905505,1.877958,-0.132453,True,1
11/12/2019 4:00:00 PM,11/12/2019 11:00:00 AM,51298,PEPCO,,,ZONE,,37.08,38.615708,1.629082,-0.093374,True,1
11/12/2019 5:00:00 PM,11/12/2019 12:00:00 PM,51298,PEPCO,,,ZONE,,36.30,37.374772,1.246795,-0.172023,True,1
11/12/2019 6:00:00 PM,11/12/2019 1:00:00 PM,51298,PEPCO,,,ZONE,,36.60,37.699993,1.272415,-0.172422,True,1
11/12/2019 7:00:00 PM,11/12/2019 2:00:00 PM,51298,PEPCO,,,ZONE,,34.38,34.863071,0.645988,-0.162917,True,1
11/12/2019 8:00:00 PM,11/12/2019 3:00:00 PM,51298,PEPCO,,,ZONE,,36.52,37.243263,0.873583,-0.150320,True,1
11/12/2019 9:00:00 PM,11/12/2019 4:00:00 PM,51298,PEPCO,,,ZONE,,39.30,40.314643,1.100525,-0.085882,True,1
11/12/2019 10:00:00 PM,11/12/2019 5:00:00 PM,51298,PEPCO,,,ZONE,,51.04,52.577144,1.616556,-0.079412,True,1
11/12/2019 11:00:00 PM,11/12/2019 6:00:00 PM,51298,PEPCO,,,ZONE,,54.40,57.657368,3.620595,-0.363227,True,1
11/13/2019 12:00:00 AM,11/12/2019 7:00:00 PM,51298,PEPCO,,,ZONE,,50.02,53.197579,3.452853,-0.275274,True,1
11/13/2019 1:00:00 AM,11/12/2019 8:00:00 PM,51298,PEPCO,,,ZONE,,48.02,50.604007,3.028187,-0.444180,True,1
11/13/2019 2:00:00 AM,11/12/2019 9:00:00 PM,51298,PEPCO,,,ZONE,,44.29,46.666256,2.902833,-0.526577,True,1
11/13/2019 3:00:00 AM,11/12/2019 10:00:00 PM,51298,PEPCO,,,ZONE,,40.21,40.663794,1.027035,-0.573241,True,1
11/13/2019 4:00:00 AM,11/12/2019 11:00:00 PM,51298,PEPCO,,,ZONE,,37.21,37.389761,0.635124,-0.455363,True,1
11/13/2019 5:00:00 AM,11/13/2019 12:00:00 AM,51298,PEPCO,,,ZONE,,38.75,40.998458,2.971182,-0.722724,True,1
11/13/2019 6:00:00 AM,11/13/2019 1:00:00 AM,51298,PEPCO,,,ZONE,,37.80,40.380229,3.228103,-0.647874,True,1
11/13/2019 7:00:00 AM,11/13/2019 2:00:00 AM,51298,PEPCO,,,ZONE,,37.28,39.945883,3.339554,-0.673671,True,1
11/13/2019 8:00:00 AM,11/13/2019 3:00:00 AM,51298,PEPCO,,,ZONE,,39.94,42.990648,3.832459,-0.781811,True,1
11/13/2019 9:00:00 AM,11/13/2019 4:00:00 AM,51298,PEPCO,,,ZONE,,43.81,47.394674,4.618632,-1.033958,True,1
11/13/2019 10:00:00 AM,11/13/2019 5:00:00 AM,51298,PEPCO,,,ZONE,,52.42,57.572320,6.210711,-1.058391,True,1
11/13/2019 11:00:00 AM,11/13/2019 6:00:00 AM,51298,PEPCO,,,ZONE,,83.98,104.924762,21.620048,-0.675286,True,1
11/13/2019 12:00:00 PM,11/13/2019 7:00:00 AM,51298,PEPCO,,,ZONE,,77.62,93.308041,15.924456,-0.236415,True,1
11/13/2019 1:00:00 PM,11/13/2019 8:00:00 AM,51298,PEPCO,,,ZONE,,54.29,56.691974,2.546144,-0.144170,True,1
11/13/2019 2:00:00 PM,11/13/2019 9:00:00 AM,51298,PEPCO,,,ZONE,,45.81,46.757746,0.820709,0.127037,True,1
11/13/2019 3:00:00 PM,11/13/2019 10:00:00 AM,51298,PEPCO,,,ZONE,,45.78,46.882339,0.744898,0.357441,True,1
11/13/2019 4:00:00 PM,11/13/2019 11:00:00 AM,51298,PEPCO,,,ZONE,,40.79,41.854375,0.548641,0.515734,True,1
11/13/2019 5:00:00 PM,11/13/2019 12:00:00 PM,51298,PEPCO,,,ZONE,,38.53,40.066461,1.045676,0.490785,True,1
11/13/2019 6:00:00 PM,11/13/2019 1:00:00 PM,51298,PEPCO,,,ZONE,,38.18,39.111739,0.360236,0.571503,True,1
11/13/2019 7:00:00 PM,11/13/2019 2:00:00 PM,51298,PEPCO,,,ZONE,,35.64,37.161833,0.908038,0.613795,True,1
11/13/2019 8:00:00 PM,11/13/2019 3:00:00 PM,51298,PEPCO,,,ZONE,,37.43,38.667431,0.617861,0.619570,True,1
11/13/2019 9:00:00 PM,11/13/2019 4:00:00 PM,51298,PEPCO,,,ZONE,,43.55,45.552515,1.382176,0.620339,True,1
11/13/2019 10:00:00 PM,11/13/2019 5:00:00 PM,51298,PEPCO,,,ZONE,,56.81,58.814961,1.137356,0.867605,True,1
11/13/2019 11:00:00 PM,11/13/2019 6:00:00 PM,51298,PEPCO,,,ZONE,,53.82,54.996205,0.526856,0.649349,True,1
11/14/2019 12:00:00 AM,11/13/2019 7:00:00 PM,51298,PEPCO,,,ZONE,,51.65,52.824724,0.472469,0.702255,True,1
11/14/2019 1:00:00 AM,11/13/2019 8:00:00 PM,51298,PEPCO,,,ZONE,,48.11,49.205462,0.494272,0.601190,True,1
11/14/2019 2:00:00 AM,11/13/2019 9:00:00 PM,51298,PEPCO,,,ZONE,,44.40,45.996043,0.928403,0.667640,True,1
11/14/2019 3:00:00 AM,11/13/2019 10:00:00 PM,51298,PEPCO,,,ZONE,,39.07,41.275099,1.727639,0.477460,True,1
11/14/2019 4:00:00 AM,11/13/2019 11:00:00 PM,51298,PEPCO,,,ZONE,,35.74,37.022676,0.959996,0.322680,True,1
11/14/2019 5:00:00 AM,11/14/2019 12:00:00 AM,51298,PEPCO,,,ZONE,,34.84,37.312420,1.848814,0.623606,True,1
11/14/2019 6:00:00 AM,11/14/2019 1:00:00 AM,51298,PEPCO,,,ZONE,,34.53,37.269010,2.038388,0.700622,True,1
11/14/2019 7:00:00 AM,11/14/2019 2:00:00 AM,51298,PEPCO,,,ZONE,,33.64,36.219500,1.855207,0.724293,True,1
11/14/2019 8:00:00 AM,11/14/2019 3:00:00 AM,51298,PEPCO,,,ZONE,,34.48,37.146272,1.863775,0.802497,True,1
11/14/2019 9:00:00 AM,11/14/2019 4:00:00 AM,51298,PEPCO,,,ZONE,,35.81,38.749342,2.033012,0.906330,True,1
11/14/2019 10:00:00 AM,11/14/2019 5:00:00 AM,51298,PEPCO,,,ZONE,,43.61,48.100316,3.473090,1.017226,True,1
11/14/2019 11:00:00 AM,11/14/2019 6:00:00 AM,51298,PEPCO,,,ZONE,,77.06,86.220114,6.848117,2.311997,True,1
11/14/2019 12:00:00 PM,11/14/2019 7:00:00 AM,51298,PEPCO,,,ZONE,,80.40,92.430473,9.875100,2.155373,True,1
11/14/2019 1:00:00 PM,11/14/2019 8:00:00 AM,51298,PEPCO,,,ZONE,,54.11,55.895478,0.512039,1.273439,True,1
11/14/2019 2:00:00 PM,11/14/2019 9:00:00 AM,51298,PEPCO,,,ZONE,,43.46,44.546436,-0.015984,1.102420,True,1
11/14/2019 3:00:00 PM,11/14/2019 10:00:00 AM,51298,PEPCO,,,ZONE,,37.37,38.924434,0.567215,0.987219,True,1
11/14/2019 4:00:00 PM,11/14/2019 11:00:00 AM,51298,PEPCO,,,ZONE,,34.00,34.811310,0.011007,0.800303,True,1
11/14/2019 5:00:00 PM,11/14/2019 12:00:00 PM,51298,PEPCO,,,ZONE,,30.89,31.778721,0.160692,0.728029,True,1
11/14/2019 6:00:00 PM,11/14/2019 1:00:00 PM,51298,PEPCO,,,ZONE,,30.18,31.018572,0.121980,0.716592,True,1
11/14/2019 7:00:00 PM,11/14/2019 2:00:00 PM,51298,PEPCO,,,ZONE,,29.88,31.088494,0.514673,0.693821,True,1
11/14/2019 8:00:00 PM,11/14/2019 3:00:00 PM,51298,PEPCO,,,ZONE,,29.64,30.760844,0.410862,0.709982,True,1
11/14/2019 9:00:00 PM,11/14/2019 4:00:00 PM,51298,PEPCO,,,ZONE,,33.91,35.763943,0.889607,0.964336,True,1
11/14/2019 10:00:00 PM,11/14/2019 5:00:00 PM,51298,PEPCO,,,ZONE,,44.12,47.814051,2.307199,1.386852,True,1
11/14/2019 11:00:00 PM,11/14/2019 6:00:00 PM,51298,PEPCO,,,ZONE,,38.82,42.056635,2.011168,1.225467,True,1
11/15/2019 12:00:00 AM,11/14/2019 7:00:00 PM,51298,PEPCO,,,ZONE,,39.00,41.843966,1.531457,1.312509,True,1
11/15/2019 1:00:00 AM,11/14/2019 8:00:00 PM,51298,PEPCO,,,ZONE,,36.81,38.541068,0.504846,1.226222,True,1
11/15/2019 2:00:00 AM,11/14/2019 9:00:00 PM,51298,PEPCO,,,ZONE,,31.49,32.748882,0.221459,1.037423,True,1
11/15/2019 3:00:00 AM,11/14/2019 10:00:00 PM,51298,PEPCO,,,ZONE,,27.89,29.184929,0.503829,0.791100,True,1
11/15/2019 4:00:00 AM,11/14/2019 11:00:00 PM,51298,PEPCO,,,ZONE,,27.22,28.331161,0.187351,0.923810,True,1
11/15/2019 5:00:00 AM,11/15/2019 12:00:00 AM,51298,PEPCO,,,ZONE,,26.33,27.556244,0.724848,0.501396,True,1
11/15/2019 6:00:00 AM,11/15/2019 1:00:00 AM,51298,PEPCO,,,ZONE,,26.00,27.284512,0.766656,0.517856,True,1
11/15/2019 7:00:00 AM,11/15/2019 2:00:00 AM,51298,PEPCO,,,ZONE,,25.89,27.405442,1.017720,0.497722,True,1
11/15/2019 8:00:00 AM,11/15/2019 3:00:00 AM,51298,PEPCO,,,ZONE,,25.87,27.404183,1.022896,0.511287,True,1
11/15/2019 9:00:00 AM,11/15/2019 4:00:00 AM,51298,PEPCO,,,ZONE,,26.53,28.078389,0.953630,0.594759,True,1
11/15/2019 10:00:00 AM,11/15/2019 5:00:00 AM,51298,PEPCO,,,ZONE,,28.95,31.001922,1.410531,0.641391,True,1
11/15/2019 11:00:00 AM,11/15/2019 6:00:00 AM,51298,PEPCO,,,ZONE,,41.59,46.536420,3.921064,1.025356,True,1
11/15/2019 12:00:00 PM,11/15/2019 7:00:00 AM,51298,PEPCO,,,ZONE,,45.47,52.206498,5.528021,1.208477,True,1
11/15/2019 1:00:00 PM,11/15/2019 8:00:00 AM,51298,PEPCO,,,ZONE,,35.76,38.269344,1.909589,0.599755,True,1
11/15/2019 2:00:00 PM,11/15/2019 9:00:00 AM,51298,PEPCO,,,ZONE,,32.89,33.976589,0.759968,0.326621,True,1
11/15/2019 3:00:00 PM,11/15/2019 10:00:00 AM,51298,PEPCO,,,ZONE,,31.44,32.310226,0.718250,0.151976,True,1
11/15/2019 4:00:00 PM,11/15/2019 11:00:00 AM,51298,PEPCO,,,ZONE,,29.69,29.652695,-0.173769,0.136464,True,1
11/15/2019 5:00:00 PM,11/15/2019 12:00:00 PM,51298,PEPCO,,,ZONE,,27.99,28.001555,-0.072332,0.083887,True,1
11/15/2019 6:00:00 PM,11/15/2019 1:00:00 PM,51298,PEPCO,,,ZONE,,27.66,27.436126,-0.253071,0.029197,True,1
11/15/2019 7:00:00 PM,11/15/2019 2:00:00 PM,51298,PEPCO,,,ZONE,,26.65,27.211223,0.452768,0.108455,True,1
11/15/2019 8:00:00 PM,11/15/2019 3:00:00 PM,51298,PEPCO,,,ZONE,,26.67,27.232033,0.409892,0.152141,True,1
11/15/2019 9:00:00 PM,11/15/2019 4:00:00 PM,51298,PEPCO,,,ZONE,,29.27,29.986156,0.488218,0.227938,True,1
11/15/2019 10:00:00 PM,11/15/2019 5:00:00 PM,51298,PEPCO,,,ZONE,,36.97,38.373604,1.140367,0.263237,True,1
11/15/2019 11:00:00 PM,11/15/2019 6:00:00 PM,51298,PEPCO,,,ZONE,,32.84,34.648369,1.595107,0.213262,True,1
11/16/2019 12:00:00 AM,11/15/2019 7:00:00 PM,51298,PEPCO,,,ZONE,,31.18,33.161780,1.781743,0.200037,True,1
11/16/2019 1:00:00 AM,11/15/2019 8:00:00 PM,51298,PEPCO,,,ZONE,,29.16,30.432622,1.124909,0.147713,True,1
11/16/2019 2:00:00 AM,11/15/2019 9:00:00 PM,51298,PEPCO,,,ZONE,,28.15,29.549813,1.210432,0.189381,True,1
11/16/2019 3:00:00 AM,11/15/2019 10:00:00 PM,51298,PEPCO,,,ZONE,,25.78,26.936349,1.076227,0.080122,True,1
11/16/2019 4:00:00 AM,11/15/2019 11:00:00 PM,51298,PEPCO,,,ZONE,,25.25,26.003508,0.936465,-0.182957,True,1
11/16/2019 5:00:00 AM,11/16/2019 12:00:00 AM,51298,PEPCO,,,ZONE,,23.90,24.920792,1.230473,-0.209681,True,1
11/16/2019 6:00:00 AM,11/16/2019 1:00:00 AM,51298,PEPCO,,,ZONE,,23.20,24.448464,1.390768,-0.142304,True,1
11/16/2019 7:00:00 AM,11/16/2019 2:00:00 AM,51298,PEPCO,,,ZONE,,23.26,24.532106,1.429572,-0.157466,True,1
11/16/2019 8:00:00 AM,11/16/2019 3:00:00 AM,51298,PEPCO,,,ZONE,,23.22,24.693532,1.510701,-0.037169,True,1
11/16/2019 9:00:00 AM,11/16/2019 4:00:00 AM,51298,PEPCO,,,ZONE,,23.46,25.183594,1.669572,0.054022,True,1
11/16/2019 10:00:00 AM,11/16/2019 5:00:00 AM,51298,PEPCO,,,ZONE,,24.34,26.079065,1.741271,-0.002206,True,1
11/16/2019 11:00:00 AM,11/16/2019 6:00:00 AM,51298,PEPCO,,,ZONE,,27.36,30.396868,2.884677,0.152191,True,1
11/16/2019 12:00:00 PM,11/16/2019 7:00:00 AM,51298,PEPCO,,,ZONE,,31.25,35.694498,4.167632,0.276866,True,1
11/16/2019 1:00:00 PM,11/16/2019 8:00:00 AM,51298,PEPCO,,,ZONE,,31.85,34.022461,2.173153,-0.000692,True,1
11/16/2019 2:00:00 PM,11/16/2019 9:00:00 AM,51298,PEPCO,,,ZONE,,30.81,32.876521,2.140296,-0.073775,True,1
11/16/2019 3:00:00 PM,11/16/2019 10:00:00 AM,51298,PEPCO,,,ZONE,,29.47,31.156440,1.885050,-0.198610,True,1
11/16/2019 4:00:00 PM,11/16/2019 11:00:00 AM,51298,PEPCO,,,ZONE,,27.85,29.020849,1.326548,-0.155699,True,1
11/16/2019 5:00:00 PM,11/16/2019 12:00:00 PM,51298,PEPCO,,,ZONE,,25.95,27.277776,1.519045,-0.191269,True,1
11/16/2019 6:00:00 PM,11/16/2019 1:00:00 PM,51298,PEPCO,,,ZONE,,25.19,26.483681,1.494887,-0.201206,True,1
11/16/2019 7:00:00 PM,11/16/2019 2:00:00 PM,51298,PEPCO,,,ZONE,,24.49,25.986055,1.616148,-0.120093,True,1
11/16/2019 8:00:00 PM,11/16/2019 3:00:00 PM,51298,PEPCO,,,ZONE,,24.77,26.265118,1.538878,-0.043760,True,1
11/16/2019 9:00:00 PM,11/16/2019 4:00:00 PM,51298,PEPCO,,,ZONE,,28.51,30.108130,1.610264,-0.012134,True,1
11/16/2019 10:00:00 PM,11/16/2019 5:00:00 PM,51298,PEPCO,,,ZONE,,35.23,37.521013,2.322063,-0.031050,True,1
11/16/2019 11:00:00 PM,11/16/2019 6:00:00 PM,51298,PEPCO,,,ZONE,,34.36,37.472920,3.180845,-0.067925,True,1
11/17/2019 12:00:00 AM,11/16/2019 7:00:00 PM,51298,PEPCO,,,ZONE,,33.34,35.670630,2.410942,-0.080312,True,1
11/17/2019 1:00:00 AM,11/16/2019 8:00:00 PM,51298,PEPCO,,,ZONE,,31.46,33.358150,1.847360,0.050790,True,1
11/17/2019 2:00:00 AM,11/16/2019 9:00:00 PM,51298,PEPCO,,,ZONE,,28.92,30.320868,1.497951,-0.097083,True,1
11/17/2019 3:00:00 AM,11/16/2019 10:00:00 PM,51298,PEPCO,,,ZONE,,25.74,27.288630,1.668727,-0.120097,True,1
11/17/2019 4:00:00 AM,11/16/2019 11:00:00 PM,51298,PEPCO,,,ZONE,,24.49,25.761561,1.334427,-0.062866,True,1
11/17/2019 5:00:00 AM,11/17/2019 12:00:00 AM,51298,PEPCO,,,ZONE,,24.37,25.964903,1.701755,-0.106852,True,1
11/17/2019 6:00:00 AM,11/17/2019 1:00:00 AM,51298,PEPCO,,,ZONE,,22.92,24.876191,2.039505,-0.083314,True,1
11/17/2019 7:00:00 AM,11/17/2019 2:00:00 AM,51298,PEPCO,,,ZONE,,23.29,25.190986,1.974196,-0.073210,True,1
11/17/2019 8:00:00 AM,11/17/2019 3:00:00 AM,51298,PEPCO,,,ZONE,,23.42,25.470201,2.111497,-0.061296,True,1
11/17/2019 9:00:00 AM,11/17/2019 4:00:00 AM,51298,PEPCO,,,ZONE,,23.53,25.700919,2.225649,-0.054730,True,1
11/17/2019 10:00:00 AM,11/17/2019 5:00:00 AM,51298,PEPCO,,,ZONE,,24.58,26.998411,2.445699,-0.027288,True,1
11/17/2019 11:00:00 AM,11/17/2019 6:00:00 AM,51298,PEPCO,,,ZONE,,25.96,29.607157,3.699220,-0.052063,True,1
11/17/2019 12:00:00 PM,11/17/2019 7:00:00 AM,51298,PEPCO,,,ZONE,,29.55,33.904105,4.452599,-0.098494,True,1
11/17/2019 1:00:00 PM,11/17/2019 8:00:00 AM,51298,PEPCO,,,ZONE,,28.99,32.575322,3.561115,0.024207,True,1
11/17/2019 2:00:00 PM,11/17/2019 9:00:00 AM,51298,PEPCO,,,ZONE,,26.57,29.747531,3.078286,0.099245,True,1
11/17/2019 3:00:00 PM,11/17/2019 10:00:00 AM,51298,PEPCO,,,ZONE,,25.20,26.897323,1.535056,0.162267,True,1
11/17/2019 4:00:00 PM,11/17/2019 11:00:00 AM,51298,PEPCO,,,ZONE,,24.12,25.205838,0.922330,0.163508,True,1
11/17/2019 5:00:00 PM,11/17/2019 12:00:00 PM,51298,PEPCO,,,ZONE,,23.46,24.629524,1.078599,0.090925,True,1
11/17/2019 6:00:00 PM,11/17/2019 1:00:00 PM,51298,PEPCO,,,ZONE,,23.09,24.175473,1.052383,0.033090,True,1
11/17/2019 7:00:00 PM,11/17/2019 2:00:00 PM,51298,PEPCO,,,ZONE,,22.59,23.749217,1.100645,0.058572,True,1
11/17/2019 8:00:00 PM,11/17/2019 3:00:00 PM,51298,PEPCO,,,ZONE,,22.88,23.907199,0.920313,0.106886,True,1
11/17/2019 9:00:00 PM,11/17/2019 4:00:00 PM,51298,PEPCO,,,ZONE,,26.33,26.951224,0.350135,0.271089,True,1
11/17/2019 10:00:00 PM,11/17/2019 5:00:00 PM,51298,PEPCO,,,ZONE,,32.26,34.740355,2.100722,0.379633,True,1
11/17/2019 11:00:00 PM,11/17/2019 6:00:00 PM,51298,PEPCO,,,ZONE,,31.45,35.022869,3.191220,0.381649,True,1
11/18/2019 12:00:00 AM,11/17/2019 7:00:00 PM,51298,PEPCO,,,ZONE,,29.09,32.171766,2.732440,0.349326,True,1
11/18/2019 1:00:00 AM,11/17/2019 8:00:00 PM,51298,PEPCO,,,ZONE,,27.59,29.599394,1.670578,0.338816,True,1
11/18/2019 2:00:00 AM,11/17/2019 9:00:00 PM,51298,PEPCO,,,ZONE,,25.09,26.364156,1.067371,0.206785,True,1
11/18/2019 3:00:00 AM,11/17/2019 10:00:00 PM,51298,PEPCO,,,ZONE,,23.03,23.976715,0.771353,0.175362,True,1
11/18/2019 4:00:00 AM,11/17/2019 11:00:00 PM,51298,PEPCO,,,ZONE,,22.29,23.030309,0.617481,0.122828,True,1
11/18/2019 5:00:00 AM,11/18/2019 12:00:00 AM,51298,PEPCO,,,ZONE,,22.60,23.721306,0.951532,0.169774,True,1
11/18/2019 6:00:00 AM,11/18/2019 1:00:00 AM,51298,PEPCO,,,ZONE,,22.10,23.688820,1.400038,0.188782,True,1
11/18/2019 7:00:00 AM,11/18/2019 2:00:00 AM,51298,PEPCO,,,ZONE,,21.99,23.663706,1.544904,0.128802,True,1
11/18/2019 8:00:00 AM,11/18/2019 3:00:00 AM,51298,PEPCO,,,ZONE,,21.99,23.683192,1.577525,0.115667,True,1
11/18/2019 9:00:00 AM,11/18/2019 4:00:00 AM,51298,PEPCO,,,ZONE,,22.99,24.773945,1.693336,0.090609,True,1
11/18/2019 10:00:00 AM,11/18/2019 5:00:00 AM,51298,PEPCO,,,ZONE,,25.23,28.059430,2.642067,0.187363,True,1
11/18/2019 11:00:00 AM,11/18/2019 6:00:00 AM,51298,PEPCO,,,ZONE,,34.76,40.404964,5.529185,0.115779,True,1
11/18/2019 12:00:00 PM,11/18/2019 7:00:00 AM,51298,PEPCO,,,ZONE,,36.95,42.975382,5.867888,0.157494,True,1
11/18/2019 1:00:00 PM,11/18/2019 8:00:00 AM,51298,PEPCO,,,ZONE,,34.97,37.171962,2.040990,0.160972,True,1
11/18/2019 2:00:00 PM,11/18/2019 9:00:00 AM,51298,PEPCO,,,ZONE,,38.03,39.357147,1.115667,0.211480,True,1
11/18/2019 3:00:00 PM,11/18/2019 10:00:00 AM,51298,PEPCO,,,ZONE,,39.29,41.147529,1.517469,0.340060,True,1
11/18/2019 4:00:00 PM,11/18/2019 11:00:00 AM,51298,PEPCO,,,ZONE,,34.26,35.314523,0.756145,0.298378,True,1
11/18/2019 5:00:00 PM,11/18/2019 12:00:00 PM,51298,PEPCO,,,ZONE,,31.61,32.286576,0.387558,0.289018,True,1
11/18/2019 6:00:00 PM,11/18/2019 1:00:00 PM,51298,PEPCO,,,ZONE,,30.62,31.141658,0.233366,0.288292,True,1
11/18/2019 7:00:00 PM,11/18/2019 2:00:00 PM,51298,PEPCO,,,ZONE,,28.96,29.232932,-0.001926,0.274858,True,1
11/18/2019 8:00:00 PM,11/18/2019 3:00:00 PM,51298,PEPCO,,,ZONE,,28.68,28.983040,0.010081,0.292959,True,1
11/18/2019 9:00:00 PM,11/18/2019 4:00:00 PM,51298,PEPCO,,,ZONE,,33.99,34.564645,0.305091,0.269554,True,1
11/18/2019 10:00:00 PM,11/18/2019 5:00:00 PM,51298,PEPCO,,,ZONE,,41.37,42.035646,-0.045229,0.710875,True,1
11/18/2019 11:00:00 PM,11/18/2019 6:00:00 PM,51298,PEPCO,,,ZONE,,36.84,38.515297,1.186654,0.488643,True,1
11/19/2019 12:00:00 AM,11/18/2019 7:00:00 PM,51298,PEPCO,,,ZONE,,34.89,37.257839,1.968823,0.399016,True,1
11/19/2019 1:00:00 AM,11/18/2019 8:00:00 PM,51298,PEPCO,,,ZONE,,33.89,35.952024,1.852091,0.209933,True,1
11/19/2019 2:00:00 AM,11/18/2019 9:00:00 PM,51298,PEPCO,,,ZONE,,30.39,31.979764,1.317059,0.272705,True,1
11/19/2019 3:00:00 AM,11/18/2019 10:00:00 PM,51298,PEPCO,,,ZONE,,26.53,28.174770,1.479497,0.165273,True,1
11/19/2019 4:00:00 AM,11/18/2019 11:00:00 PM,51298,PEPCO,,,ZONE,,24.82,25.468344,0.543227,0.105117,True,1
11/19/2019 5:00:00 AM,11/19/2019 12:00:00 AM,51298,PEPCO,,,ZONE,,23.99,25.258737,1.321532,-0.052795,True,1
11/19/2019 6:00:00 AM,11/19/2019 1:00:00 AM,51298,PEPCO,,,ZONE,,23.42,24.860490,1.495243,-0.054753,True,1
11/19/2019 7:00:00 AM,11/19/2019 2:00:00 AM,51298,PEPCO,,,ZONE,,23.00,24.640659,1.692033,-0.051374,True,1
11/19/2019 8:00:00 AM,11/19/2019 3:00:00 AM,51298,PEPCO,,,ZONE,,23.00,25.040467,2.123349,-0.082882,True,1
11/19/2019 9:00:00 AM,11/19/2019 4:00:00 AM,51298,PEPCO,,,ZONE,,23.15,25.456834,2.317878,-0.011044,True,1
11/19/2019 10:00:00 AM,11/19/2019 5:00:00 AM,51298,PEPCO,,,ZONE,,27.34,31.829778,4.407225,0.082553,True,1
11/19/2019 11:00:00 AM,11/19/2019 6:00:00 AM,51298,PEPCO,,,ZONE,,37.76,47.864733,9.792715,0.312018,True,1
11/19/2019 12:00:00 PM,11/19/2019 7:00:00 AM,51298,PEPCO,,,ZONE,,42.74,53.847240,10.570028,0.537212,True,1
11/19/2019 1:00:00 PM,11/19/2019 8:00:00 AM,51298,PEPCO,,,ZONE,,37.81,43.520028,5.345601,0.364427,True,1
11/19/2019 2:00:00 PM,11/19/2019 9:00:00 AM,51298,PEPCO,,,ZONE,,37.77,40.926444,2.642304,0.514140,True,1
11/19/2019 3:00:00 PM,11/19/2019 10:00:00 AM,51298,PEPCO,,,ZONE,,37.56,42.860452,4.855177,0.445275,True,1
11/19/2019 4:00:00 PM,11/19/2019 11:00:00 AM,51298,PEPCO,,,ZONE,,34.02,38.149609,3.775058,0.354551,True,1
11/19/2019 5:00:00 PM,11/19/2019 12:00:00 PM,51298,PEPCO,,,ZONE,,30.14,32.984795,2.634572,0.210223,True,1
11/19/2019 6:00:00 PM,11/19/2019 1:00:00 PM,51298,PEPCO,,,ZONE,,27.89,29.592728,1.538055,0.164673,True,1
11/19/2019 7:00:00 PM,11/19/2019 2:00:00 PM,51298,PEPCO,,,ZONE,,27.62,29.252435,1.425063,0.207372,True,1
11/19/2019 8:00:00 PM,11/19/2019 3:00:00 PM,51298,PEPCO,,,ZONE,,27.29,28.821519,1.276777,0.254742,True,1
11/19/2019 9:00:00 PM,11/19/2019 4:00:00 PM,51298,PEPCO,,,ZONE,,35.42,37.805721,1.986171,0.399550,True,1
11/19/2019 10:00:00 PM,11/19/2019 5:00:00 PM,51298,PEPCO,,,ZONE,,40.70,44.938572,3.704567,0.534005,True,1
11/19/2019 11:00:00 PM,11/19/2019 6:00:00 PM,51298,PEPCO,,,ZONE,,37.43,42.785783,4.929627,0.426156,True,1
11/20/2019 12:00:00 AM,11/19/2019 7:00:00 PM,51298,PEPCO,,,ZONE,,35.63,40.617793,4.524921,0.462872,True,1
11/20/2019 1:00:00 AM,11/19/2019 8:00:00 PM,51298,PEPCO,,,ZONE,,34.96,37.944894,2.592506,0.392388,True,1
11/20/2019 2:00:00 AM,11/19/2019 9:00:00 PM,51298,PEPCO,,,ZONE,,30.09,31.984303,1.713992,0.180311,True,1
11/20/2019 3:00:00 AM,11/19/2019 10:00:00 PM,51298,PEPCO,,,ZONE,,26.77,28.626386,1.771855,0.084531,True,1
11/20/2019 4:00:00 AM,11/19/2019 11:00:00 PM,51298,PEPCO,,,ZONE,,24.54,25.291348,0.725544,0.025804,True,1
11/20/2019 5:00:00 AM,11/20/2019 12:00:00 AM,51298,PEPCO,,,ZONE,,24.06,24.629567,0.612021,-0.042454,True,1
11/20/2019 6:00:00 AM,11/20/2019 1:00:00 AM,51298,PEPCO,,,ZONE,,23.63,25.124601,1.523341,-0.028740,True,1
11/20/2019 7:00:00 AM,11/20/2019 2:00:00 AM,51298,PEPCO,,,ZONE,,22.89,24.382595,1.526717,-0.034122,True,1
11/20/2019 8:00:00 AM,11/20/2019 3:00:00 AM,51298,PEPCO,,,ZONE,,22.48,24.604290,2.147451,-0.023161,True,1
11/20/2019 9:00:00 AM,11/20/2019 4:00:00 AM,51298,PEPCO,,,ZONE,,23.13,25.977279,2.823240,0.024039,True,1
11/20/2019 10:00:00 AM,11/20/2019 5:00:00 AM,51298,PEPCO,,,ZONE,,26.19,30.848262,4.720224,-0.061962,True,1
11/20/2019 11:00:00 AM,11/20/2019 6:00:00 AM,51298,PEPCO,,,ZONE,,37.99,48.905614,10.420924,0.494690,True,1
11/20/2019 12:00:00 PM,11/20/2019 7:00:00 AM,51298,PEPCO,,,ZONE,,39.11,48.161658,8.614618,0.437040,True,1
11/20/2019 1:00:00 PM,11/20/2019 8:00:00 AM,51298,PEPCO,,,ZONE,,35.90,42.279526,6.040629,0.338897,True,1
11/20/2019 2:00:00 PM,11/20/2019 9:00:00 AM,51298,PEPCO,,,ZONE,,33.56,38.301409,4.467609,0.273800,True,1
11/20/2019 3:00:00 PM,11/20/2019 10:00:00 AM,51298,PEPCO,,,ZONE,,34.65,39.504193,4.606791,0.247402,True,1
11/20/2019 4:00:00 PM,11/20/2019 11:00:00 AM,51298,PEPCO,,,ZONE,,30.97,34.929866,3.850738,0.109128,True,1
11/20/2019 5:00:00 PM,11/20/2019 12:00:00 PM,51298,PEPCO,,,ZONE,,28.21,32.689181,4.491824,-0.012643,True,1
11/20/2019 6:00:00 PM,11/20/2019 1:00:00 PM,51298,PEPCO,,,ZONE,,27.56,32.252664,4.640327,0.052337,True,1
11/20/2019 7:00:00 PM,11/20/2019 2:00:00 PM,51298,PEPCO,,,ZONE,,27.48,33.168418,5.514156,0.174262,True,1
11/20/2019 8:00:00 PM,11/20/2019 3:00:00 PM,51298,PEPCO,,,ZONE,,27.10,32.235429,4.924044,0.211385,True,1
11/20/2019 9:00:00 PM,11/20/2019 4:00:00 PM,51298,PEPCO,,,ZONE,,31.95,38.282539,6.099564,0.232975,True,1
11/20/2019 10:00:00 PM,11/20/2019 5:00:00 PM,51298,PEPCO,,,ZONE,,39.59,46.234220,6.251136,0.393084,True,1
11/20/2019 11:00:00 PM,11/20/2019 6:00:00 PM,51298,PEPCO,,,ZONE,,34.75,39.387779,4.352320,0.285459,True,1
11/21/2019 12:00:00 AM,11/20/2019 7:00:00 PM,51298,PEPCO,,,ZONE,,32.25,37.603160,5.064800,0.288360,True,1
11/21/2019 1:00:00 AM,11/20/2019 8:00:00 PM,51298,PEPCO,,,ZONE,,31.85,37.131499,4.987413,0.294086,True,1
11/21/2019 2:00:00 AM,11/20/2019 9:00:00 PM,51298,PEPCO,,,ZONE,,25.88,29.152662,3.082246,0.190416,True,1
11/21/2019 3:00:00 AM,11/20/2019 10:00:00 PM,51298,PEPCO,,,ZONE,,23.53,25.994099,2.257015,0.207084,True,1
11/21/2019 4:00:00 AM,11/20/2019 11:00:00 PM,51298,PEPCO,,,ZONE,,22.80,24.651011,1.802089,0.048922,True,1
