datetime_beginning_utc,datetime_beginning_ept,pnode_id,pnode_name,voltage,equipment,type,zone,system_energy_price_rt,total_lmp_rt,congestion_price_rt,marginal_loss_price_rt,row_is_current,version_nbr
11/1/2019 4:00:00 AM,11/1/2019 12:00:00 AM,51298,PEPCO,,,ZONE,,20.060000,22.903968,2.856881,-0.016246,True,1
11/1/2019 5:00:00 AM,11/1/2019 1:00:00 AM,51298,PEPCO,,,ZONE,,20.720000,23.848721,3.185333,-0.052444,True,1
11/1/2019 6:00:00 AM,11/1/2019 2:00:00 AM,51298,PEPCO,,,ZONE,,19.160000,21.500905,2.449356,-0.103452,True,1
11/1/2019 7:00:00 AM,11/1/2019 3:00:00 AM,51298,PEPCO,,,ZONE,,20.890000,21.940141,1.163373,-0.114065,True,1
11/1/2019 8:00:00 AM,11/1/2019 4:00:00 AM,51298,PEPCO,,,ZONE,,21.440000,23.482713,2.148869,-0.104490,True,1
11/1/2019 9:00:00 AM,11/1/2019 5:00:00 AM,51298,PEPCO,,,ZONE,,22.020000,23.962517,2.122832,-0.181981,True,1
11/1/2019 10:00:00 AM,11/1/2019 6:00:00 AM,51298,PEPCO,,,ZONE,,25.630000,24.567226,-0.889495,-0.168279,True,1
11/1/2019 11:00:00 AM,11/1/2019 7:00:00 AM,51298,PEPCO,,,ZONE,,38.910000,38.311826,-0.436342,-0.159333,True,1
11/1/2019 12:00:00 PM,11/1/2019 8:00:00 AM,51298,PEPCO,,,ZONE,,25.340000,28.808965,3.557516,-0.086885,True,1
11/1/2019 1:00:00 PM,11/1/2019 9:00:00 AM,51298,PEPCO,,,ZONE,,21.960000,25.014189,3.088910,-0.035554,True,1
11/1/2019 2:00:00 PM,11/1/2019 10:00:00 AM,51298,PEPCO,,,ZONE,,22.000000,23.935580,1.988795,-0.057382,True,1
11/1/2019 3:00:00 PM,11/1/2019 11:00:00 AM,51298,PEPCO,,,ZONE,,22.540000,24.453017,1.997693,-0.087176,True,1
11/1/2019 4:00:00 PM,11/1/2019 12:00:00 PM,51298,PEPCO,,,ZONE,,22.200000,24.354440,2.241954,-0.085847,True,1
11/1/2019 5:00:00 PM,11/1/2019 1:00:00 PM,51298,PEPCO,,,ZONE,,20.380000,23.124433,2.779734,-0.038634,True,1
11/1/2019 6:00:00 PM,11/1/2019 2:00:00 PM,51298,PEPCO,,,ZONE,,20.080000,22.981038,2.902089,-0.005218,True,1
11/1/2019 7:00:00 PM,11/1/2019 3:00:00 PM,51298,PEPCO,,,ZONE,,20.000000,22.765213,2.741126,0.024921,True,1
11/1/2019 8:00:00 PM,11/1/2019 4:00:00 PM,51298,PEPCO,,,ZONE,,20.600000,23.312191,2.657807,0.059384,True,1
11/1/2019 9:00:00 PM,11/1/2019 5:00:00 PM,51298,PEPCO,,,ZONE,,21.980000,24.261030,2.213826,0.072204,True,1
11/1/2019 10:00:00 PM,11/1/2019 6:00:00 PM,51298,PEPCO,,,ZONE,,65.860000,76.977546,10.728524,0.388188,True,1
11/1/2019 11:00:00 PM,11/1/2019 7:00:00 PM,51298,PEPCO,,,ZONE,,21.390000,21.972524,0.427163,0.152862,True,1
11/2/2019 12:00:00 AM,11/1/2019 8:00:00 PM,51298,PEPCO,,,ZONE,,23.600000,23.767106,-0.030965,0.198904,True,1
11/2/2019 1:00:00 AM,11/1/2019 9:00:00 PM,51298,PEPCO,,,ZONE,,25.060000,25.224385,-0.033695,0.193913,True,1
11/2/2019 2:00:00 AM,11/1/2019 10:00:00 PM,51298,PEPCO,,,ZONE,,23.230000,25.342534,1.895384,0.221316,True,1
11/2/2019 3:00:00 AM,11/1/2019 11:00:00 PM,51298,PEPCO,,,ZONE,,22.090000,24.735317,2.432709,0.208442,True,1
11/2/2019 4:00:00 AM,11/2/2019 12:00:00 AM,51298,PEPCO,,,ZONE,,32.730000,44.308664,11.209438,0.374226,True,1
11/2/2019 5:00:00 AM,11/2/2019 1:00:00 AM,51298,PEPCO,,,ZONE,,39.110000,54.507713,14.990014,0.411866,True,1
11/2/2019 6:00:00 AM,11/2/2019 2:00:00 AM,51298,PEPCO,,,ZONE,,24.030000,29.884290,5.598175,0.251948,True,1
11/2/2019 7:00:00 AM,11/2/2019 3:00:00 AM,51298,PEPCO,,,ZONE,,23.830000,29.672176,5.620778,0.223898,True,1
11/2/2019 8:00:00 AM,11/2/2019 4:00:00 AM,51298,PEPCO,,,ZONE,,23.400000,28.895640,5.263468,0.232172,True,1
11/2/2019 9:00:00 AM,11/2/2019 5:00:00 AM,51298,PEPCO,,,ZONE,,25.610000,32.347194,6.468570,0.268624,True,1
11/2/2019 10:00:00 AM,11/2/2019 6:00:00 AM,51298,PEPCO,,,ZONE,,23.140000,28.194321,4.783071,0.267916,True,1
11/2/2019 11:00:00 AM,11/2/2019 7:00:00 AM,51298,PEPCO,,,ZONE,,93.630000,152.818362,57.878922,1.308607,True,1
11/2/2019 12:00:00 PM,11/2/2019 8:00:00 AM,51298,PEPCO,,,ZONE,,27.810000,34.509715,6.238570,0.461978,True,1
11/2/2019 1:00:00 PM,11/2/2019 9:00:00 AM,51298,PEPCO,,,ZONE,,26.610000,35.422770,8.396474,0.413796,True,1
11/2/2019 2:00:00 PM,11/2/2019 10:00:00 AM,51298,PEPCO,,,ZONE,,22.810000,27.849566,4.737888,0.305845,True,1
11/2/2019 3:00:00 PM,11/2/2019 11:00:00 AM,51298,PEPCO,,,ZONE,,23.150000,28.251812,4.800887,0.296759,True,1
11/2/2019 4:00:00 PM,11/2/2019 12:00:00 PM,51298,PEPCO,,,ZONE,,21.160000,26.113498,4.721383,0.232115,True,1
11/2/2019 5:00:00 PM,11/2/2019 1:00:00 PM,51298,PEPCO,,,ZONE,,20.470000,24.994885,4.243209,0.282509,True,1
11/2/2019 6:00:00 PM,11/2/2019 2:00:00 PM,51298,PEPCO,,,ZONE,,19.900000,23.816146,3.600065,0.311914,True,1
11/2/2019 7:00:00 PM,11/2/2019 3:00:00 PM,51298,PEPCO,,,ZONE,,20.360000,25.066977,4.359517,0.344960,True,1
11/2/2019 8:00:00 PM,11/2/2019 4:00:00 PM,51298,PEPCO,,,ZONE,,20.090000,24.181491,3.712681,0.377143,True,1
11/2/2019 9:00:00 PM,11/2/2019 5:00:00 PM,51298,PEPCO,,,ZONE,,20.940000,25.298686,3.972929,0.390757,True,1
11/2/2019 10:00:00 PM,11/2/2019 6:00:00 PM,51298,PEPCO,,,ZONE,,136.210000,211.937369,72.941111,2.785425,True,1
11/2/2019 11:00:00 PM,11/2/2019 7:00:00 PM,51298,PEPCO,,,ZONE,,21.980000,27.316715,4.916446,0.424435,True,1
11/3/2019 12:00:00 AM,11/2/2019 8:00:00 PM,51298,PEPCO,,,ZONE,,22.120000,27.343811,4.827460,0.396351,True,1
11/3/2019 1:00:00 AM,11/2/2019 9:00:00 PM,51298,PEPCO,,,ZONE,,22.030000,27.093627,4.689796,0.377164,True,1
11/3/2019 2:00:00 AM,11/2/2019 10:00:00 PM,51298,PEPCO,,,ZONE,,22.140000,27.455891,4.973743,0.342148,True,1
11/3/2019 3:00:00 AM,11/2/2019 11:00:00 PM,51298,PEPCO,,,ZONE,,23.830000,30.145761,5.969186,0.342408,True,1
11/3/2019 4:00:00 AM,11/3/2019 12:00:00 AM,51298,PEPCO,,,ZONE,,21.540000,25.763887,3.935851,0.289702,True,1
11/3/2019 5:00:00 AM,11/3/2019 1:00:00 AM,51298,PEPCO,,,ZONE,,21.590000,25.590276,3.696553,0.300390,True,1
11/3/2019 6:00:00 AM,11/3/2019 1:00:00 AM,51298,PEPCO,,,ZONE,,20.950000,25.171805,3.922667,0.297471,True,1
11/3/2019 7:00:00 AM,11/3/2019 2:00:00 AM,51298,PEPCO,,,ZONE,,20.990000,25.336986,4.033569,0.315084,True,1
11/3/2019 8:00:00 AM,11/3/2019 3:00:00 AM,51298,PEPCO,,,ZONE,,21.320000,25.883881,4.245839,0.314708,True,1
11/3/2019 9:00:00 AM,11/3/2019 4:00:00 AM,51298,PEPCO,,,ZONE,,21.440000,26.283955,4.515812,0.327310,True,1
11/3/2019 10:00:00 AM,11/3/2019 5:00:00 AM,51298,PEPCO,,,ZONE,,21.510000,26.406590,4.549051,0.347539,True,1
11/3/2019 11:00:00 AM,11/3/2019 6:00:00 AM,51298,PEPCO,,,ZONE,,22.190000,27.655977,5.068806,0.401338,True,1
11/3/2019 12:00:00 PM,11/3/2019 7:00:00 AM,51298,PEPCO,,,ZONE,,23.800000,30.611422,6.354863,0.458226,True,1
11/3/2019 1:00:00 PM,11/3/2019 8:00:00 AM,51298,PEPCO,,,ZONE,,22.300000,27.703684,5.044297,0.357720,True,1
11/3/2019 2:00:00 PM,11/3/2019 9:00:00 AM,51298,PEPCO,,,ZONE,,21.270000,25.533545,3.972647,0.295899,True,1
11/3/2019 3:00:00 PM,11/3/2019 10:00:00 AM,51298,PEPCO,,,ZONE,,20.120000,23.450905,3.053890,0.275348,True,1
11/3/2019 4:00:00 PM,11/3/2019 11:00:00 AM,51298,PEPCO,,,ZONE,,19.530000,22.436582,2.689169,0.219913,True,1
11/3/2019 5:00:00 PM,11/3/2019 12:00:00 PM,51298,PEPCO,,,ZONE,,18.110000,20.138869,1.808687,0.221848,True,1
11/3/2019 6:00:00 PM,11/3/2019 1:00:00 PM,51298,PEPCO,,,ZONE,,17.520000,19.290900,1.530386,0.242181,True,1
11/3/2019 7:00:00 PM,11/3/2019 2:00:00 PM,51298,PEPCO,,,ZONE,,18.190000,20.304326,1.855389,0.263937,True,1
11/3/2019 8:00:00 PM,11/3/2019 3:00:00 PM,51298,PEPCO,,,ZONE,,19.880000,23.249283,3.046251,0.319699,True,1
11/3/2019 9:00:00 PM,11/3/2019 4:00:00 PM,51298,PEPCO,,,ZONE,,21.010000,24.168679,2.774265,0.380247,True,1
11/3/2019 10:00:00 PM,11/3/2019 5:00:00 PM,51298,PEPCO,,,ZONE,,24.970000,26.377670,0.855640,0.548697,True,1
11/3/2019 11:00:00 PM,11/3/2019 6:00:00 PM,51298,PEPCO,,,ZONE,,22.560000,25.345232,2.234407,0.553326,True,1
11/4/2019 12:00:00 AM,11/3/2019 7:00:00 PM,51298,PEPCO,,,ZONE,,22.120000,25.553680,2.885836,0.552011,True,1
11/4/2019 1:00:00 AM,11/3/2019 8:00:00 PM,51298,PEPCO,,,ZONE,,21.660000,26.493973,4.297424,0.533215,True,1
11/4/2019 2:00:00 AM,11/3/2019 9:00:00 PM,51298,PEPCO,,,ZONE,,22.250000,27.204541,4.434532,0.516675,True,1
11/4/2019 3:00:00 AM,11/3/2019 10:00:00 PM,51298,PEPCO,,,ZONE,,21.070000,25.941660,4.394308,0.478185,True,1
11/4/2019 4:00:00 AM,11/3/2019 11:00:00 PM,51298,PEPCO,,,ZONE,,19.920000,24.817131,4.397629,0.496168,True,1
11/4/2019 5:00:00 AM,11/4/2019 12:00:00 AM,51298,PEPCO,,,ZONE,,19.940000,25.372702,4.940683,0.491186,True,1
11/4/2019 6:00:00 AM,11/4/2019 1:00:00 AM,51298,PEPCO,,,ZONE,,20.270000,25.461621,4.668883,0.523572,True,1
11/4/2019 7:00:00 AM,11/4/2019 2:00:00 AM,51298,PEPCO,,,ZONE,,20.900000,25.948962,4.489479,0.556983,True,1
11/4/2019 8:00:00 AM,11/4/2019 3:00:00 AM,51298,PEPCO,,,ZONE,,20.420000,26.345268,5.372788,0.556646,True,1
11/4/2019 9:00:00 AM,11/4/2019 4:00:00 AM,51298,PEPCO,,,ZONE,,20.020000,26.431364,5.867765,0.540266,True,1
11/4/2019 10:00:00 AM,11/4/2019 5:00:00 AM,51298,PEPCO,,,ZONE,,21.670000,27.169942,4.854419,0.644690,True,1
11/4/2019 11:00:00 AM,11/4/2019 6:00:00 AM,51298,PEPCO,,,ZONE,,36.170000,56.153958,18.773764,1.207695,True,1
11/4/2019 12:00:00 PM,11/4/2019 7:00:00 AM,51298,PEPCO,,,ZONE,,30.480000,40.431575,8.981591,0.968318,True,1
11/4/2019 1:00:00 PM,11/4/2019 8:00:00 AM,51298,PEPCO,,,ZONE,,26.630000,32.846677,5.668985,0.551025,True,1
11/4/2019 2:00:00 PM,11/4/2019 9:00:00 AM,51298,PEPCO,,,ZONE,,23.900000,29.425446,5.199246,0.322866,True,1
11/4/2019 3:00:00 PM,11/4/2019 10:00:00 AM,51298,PEPCO,,,ZONE,,23.850000,30.056851,5.998149,0.212035,True,1
11/4/2019 4:00:00 PM,11/4/2019 11:00:00 AM,51298,PEPCO,,,ZONE,,21.750000,26.151970,4.209096,0.194540,True,1
11/4/2019 5:00:00 PM,11/4/2019 12:00:00 PM,51298,PEPCO,,,ZONE,,23.340000,28.476459,4.947104,0.189355,True,1
11/4/2019 6:00:00 PM,11/4/2019 1:00:00 PM,51298,PEPCO,,,ZONE,,24.570000,29.944212,5.153396,0.220816,True,1
11/4/2019 7:00:00 PM,11/4/2019 2:00:00 PM,51298,PEPCO,,,ZONE,,21.020000,24.684640,3.422907,0.241733,True,1
11/4/2019 8:00:00 PM,11/4/2019 3:00:00 PM,51298,PEPCO,,,ZONE,,23.470000,28.242222,4.428720,0.341001,True,1
11/4/2019 9:00:00 PM,11/4/2019 4:00:00 PM,51298,PEPCO,,,ZONE,,24.010000,27.886663,3.479120,0.395876,True,1
11/4/2019 10:00:00 PM,11/4/2019 5:00:00 PM,51298,PEPCO,,,ZONE,,40.330000,43.079013,1.859641,0.887706,True,1
11/4/2019 11:00:00 PM,11/4/2019 6:00:00 PM,51298,PEPCO,,,ZONE,,24.900000,31.137639,5.735096,0.506709,True,1
11/5/2019 12:00:00 AM,11/4/2019 7:00:00 PM,51298,PEPCO,,,ZONE,,25.440000,32.090369,6.188757,0.460779,True,1
11/5/2019 1:00:00 AM,11/4/2019 8:00:00 PM,51298,PEPCO,,,ZONE,,24.510000,30.120492,5.213864,0.398295,True,1
11/5/2019 2:00:00 AM,11/4/2019 9:00:00 PM,51298,PEPCO,,,ZONE,,23.350000,26.826538,3.157985,0.320220,True,1
11/5/2019 3:00:00 AM,11/4/2019 10:00:00 PM,51298,PEPCO,,,ZONE,,21.700000,25.773788,3.807887,0.263401,True,1
11/5/2019 4:00:00 AM,11/4/2019 11:00:00 PM,51298,PEPCO,,,ZONE,,21.220000,24.701060,3.180243,0.303317,True,1
11/5/2019 5:00:00 AM,11/5/2019 12:00:00 AM,51298,PEPCO,,,ZONE,,21.100000,24.614582,3.178383,0.341199,True,1
11/5/2019 6:00:00 AM,11/5/2019 1:00:00 AM,51298,PEPCO,,,ZONE,,21.160000,25.180046,3.681173,0.334707,True,1
11/5/2019 7:00:00 AM,11/5/2019 2:00:00 AM,51298,PEPCO,,,ZONE,,21.240000,25.527047,3.981313,0.310734,True,1
11/5/2019 8:00:00 AM,11/5/2019 3:00:00 AM,51298,PEPCO,,,ZONE,,23.100000,28.414324,5.019056,0.297768,True,1
11/5/2019 9:00:00 AM,11/5/2019 4:00:00 AM,51298,PEPCO,,,ZONE,,286.610000,376.834548,86.514919,3.713795,True,1
11/5/2019 10:00:00 AM,11/5/2019 5:00:00 AM,51298,PEPCO,,,ZONE,,20.910000,26.303145,5.061233,0.334412,True,1
11/5/2019 11:00:00 AM,11/5/2019 6:00:00 AM,51298,PEPCO,,,ZONE,,22.030000,25.020363,2.598619,0.395078,True,1
11/5/2019 12:00:00 PM,11/5/2019 7:00:00 AM,51298,PEPCO,,,ZONE,,29.560000,30.016540,0.057293,0.397580,True,1
11/5/2019 1:00:00 PM,11/5/2019 8:00:00 AM,51298,PEPCO,,,ZONE,,26.900000,28.910476,1.744617,0.269192,True,1
11/5/2019 2:00:00 PM,11/5/2019 9:00:00 AM,51298,PEPCO,,,ZONE,,27.590000,27.946010,0.091737,0.261772,True,1
11/5/2019 3:00:00 PM,11/5/2019 10:00:00 AM,51298,PEPCO,,,ZONE,,26.530000,29.559063,2.713164,0.316733,True,1
11/5/2019 4:00:00 PM,11/5/2019 11:00:00 AM,51298,PEPCO,,,ZONE,,25.600000,28.131487,2.190301,0.343686,True,1
11/5/2019 5:00:00 PM,11/5/2019 12:00:00 PM,51298,PEPCO,,,ZONE,,22.780000,24.874766,1.775309,0.322790,True,1
11/5/2019 6:00:00 PM,11/5/2019 1:00:00 PM,51298,PEPCO,,,ZONE,,24.640000,27.157898,2.170692,0.351372,True,1
11/5/2019 7:00:00 PM,11/5/2019 2:00:00 PM,51298,PEPCO,,,ZONE,,24.970000,28.985821,3.630149,0.390672,True,1
11/5/2019 8:00:00 PM,11/5/2019 3:00:00 PM,51298,PEPCO,,,ZONE,,26.020000,29.879412,3.464579,0.396499,True,1
11/5/2019 9:00:00 PM,11/5/2019 4:00:00 PM,51298,PEPCO,,,ZONE,,23.490000,27.083169,3.197391,0.398277,True,1
11/5/2019 10:00:00 PM,11/5/2019 5:00:00 PM,51298,PEPCO,,,ZONE,,30.700000,30.795102,-0.472297,0.563232,True,1
11/5/2019 11:00:00 PM,11/5/2019 6:00:00 PM,51298,PEPCO,,,ZONE,,31.320000,32.896404,1.152751,0.427820,True,1
11/6/2019 12:00:00 AM,11/5/2019 7:00:00 PM,51298,PEPCO,,,ZONE,,24.780000,27.581224,2.494688,0.305702,True,1
11/6/2019 1:00:00 AM,11/5/2019 8:00:00 PM,51298,PEPCO,,,ZONE,,30.400000,35.462473,4.734031,0.330941,True,1
11/6/2019 2:00:00 AM,11/5/2019 9:00:00 PM,51298,PEPCO,,,ZONE,,31.010000,34.412867,3.195149,0.206884,True,1
11/6/2019 3:00:00 AM,11/5/2019 10:00:00 PM,51298,PEPCO,,,ZONE,,24.150000,25.875012,1.614500,0.112179,True,1
11/6/2019 4:00:00 AM,11/5/2019 11:00:00 PM,51298,PEPCO,,,ZONE,,21.400000,23.528368,2.005819,0.124215,True,1
11/6/2019 5:00:00 AM,11/6/2019 12:00:00 AM,51298,PEPCO,,,ZONE,,21.950000,24.259268,2.156206,0.157228,True,1
11/6/2019 6:00:00 AM,11/6/2019 1:00:00 AM,51298,PEPCO,,,ZONE,,21.000000,23.042902,1.917651,0.126919,True,1
11/6/2019 7:00:00 AM,11/6/2019 2:00:00 AM,51298,PEPCO,,,ZONE,,21.050000,22.335341,1.146559,0.137116,True,1
11/6/2019 8:00:00 AM,11/6/2019 3:00:00 AM,51298,PEPCO,,,ZONE,,21.130000,22.235017,0.956173,0.150510,True,1
11/6/2019 9:00:00 AM,11/6/2019 4:00:00 AM,51298,PEPCO,,,ZONE,,20.410000,21.682534,1.106205,0.162163,True,1
11/6/2019 10:00:00 AM,11/6/2019 5:00:00 AM,51298,PEPCO,,,ZONE,,23.510000,27.901436,4.156929,0.235340,True,1
11/6/2019 11:00:00 AM,11/6/2019 6:00:00 AM,51298,PEPCO,,,ZONE,,27.110000,29.618464,2.124123,0.386841,True,1
11/6/2019 12:00:00 PM,11/6/2019 7:00:00 AM,51298,PEPCO,,,ZONE,,27.140000,29.370341,1.787527,0.443647,True,1
11/6/2019 1:00:00 PM,11/6/2019 8:00:00 AM,51298,PEPCO,,,ZONE,,22.070000,26.130634,3.775937,0.285529,True,1
11/6/2019 2:00:00 PM,11/6/2019 9:00:00 AM,51298,PEPCO,,,ZONE,,28.230000,28.423951,-0.057491,0.252275,True,1
11/6/2019 3:00:00 PM,11/6/2019 10:00:00 AM,51298,PEPCO,,,ZONE,,32.050000,40.904392,8.642312,0.210414,True,1
11/6/2019 4:00:00 PM,11/6/2019 11:00:00 AM,51298,PEPCO,,,ZONE,,21.900000,21.699118,-0.426140,0.221925,True,1
11/6/2019 5:00:00 PM,11/6/2019 12:00:00 PM,51298,PEPCO,,,ZONE,,21.230000,22.727561,1.264731,0.236996,True,1
11/6/2019 6:00:00 PM,11/6/2019 1:00:00 PM,51298,PEPCO,,,ZONE,,21.570000,22.782596,0.996932,0.216497,True,1
11/6/2019 7:00:00 PM,11/6/2019 2:00:00 PM,51298,PEPCO,,,ZONE,,22.730000,24.678276,1.727812,0.221297,True,1
11/6/2019 8:00:00 PM,11/6/2019 3:00:00 PM,51298,PEPCO,,,ZONE,,23.040000,25.550899,2.257678,0.256554,True,1
11/6/2019 9:00:00 PM,11/6/2019 4:00:00 PM,51298,PEPCO,,,ZONE,,24.890000,28.339649,3.144124,0.308858,True,1
11/6/2019 10:00:00 PM,11/6/2019 5:00:00 PM,51298,PEPCO,,,ZONE,,39.380000,44.729352,4.865788,0.483564,True,1
11/6/2019 11:00:00 PM,11/6/2019 6:00:00 PM,51298,PEPCO,,,ZONE,,26.650000,30.208955,3.267254,0.292534,True,1
11/7/2019 12:00:00 AM,11/6/2019 7:00:00 PM,51298,PEPCO,,,ZONE,,32.540000,40.815457,7.892416,0.384707,True,1
11/7/2019 1:00:00 AM,11/6/2019 8:00:00 PM,51298,PEPCO,,,ZONE,,24.820000,31.546459,6.394101,0.336525,True,1
11/7/2019 2:00:00 AM,11/6/2019 9:00:00 PM,51298,PEPCO,,,ZONE,,21.320000,25.810977,4.160966,0.328345,True,1
11/7/2019 3:00:00 AM,11/6/2019 10:00:00 PM,51298,PEPCO,,,ZONE,,20.090000,22.788262,2.354759,0.340169,True,1
11/7/2019 4:00:00 AM,11/6/2019 11:00:00 PM,51298,PEPCO,,,ZONE,,20.360000,21.726342,0.964554,0.405121,True,1
11/7/2019 5:00:00 AM,11/7/2019 12:00:00 AM,51298,PEPCO,,,ZONE,,19.730000,20.937247,0.827511,0.377236,True,1
11/7/2019 6:00:00 AM,11/7/2019 1:00:00 AM,51298,PEPCO,,,ZONE,,20.760000,21.499048,0.369460,0.365422,True,1
11/7/2019 7:00:00 AM,11/7/2019 2:00:00 AM,51298,PEPCO,,,ZONE,,20.350000,20.693065,0.020833,0.327232,True,1
11/7/2019 8:00:00 AM,11/7/2019 3:00:00 AM,51298,PEPCO,,,ZONE,,20.820000,21.301697,0.109202,0.369995,True,1
11/7/2019 9:00:00 AM,11/7/2019 4:00:00 AM,51298,PEPCO,,,ZONE,,21.270000,21.748747,0.053494,0.427754,True,1
11/7/2019 10:00:00 AM,11/7/2019 5:00:00 AM,51298,PEPCO,,,ZONE,,22.860000,23.427552,0.108121,0.460265,True,1
11/7/2019 11:00:00 AM,11/7/2019 6:00:00 AM,51298,PEPCO,,,ZONE,,28.050000,28.700563,0.065833,0.585563,True,1
11/7/2019 12:00:00 PM,11/7/2019 7:00:00 AM,51298,PEPCO,,,ZONE,,27.020000,27.580205,-0.056598,0.612636,True,1
11/7/2019 1:00:00 PM,11/7/2019 8:00:00 AM,51298,PEPCO,,,ZONE,,29.410000,29.567760,-0.365000,0.526093,True,1
11/7/2019 2:00:00 PM,11/7/2019 9:00:00 AM,51298,PEPCO,,,ZONE,,38.840000,39.012744,-0.400000,0.575244,True,1
11/7/2019 3:00:00 PM,11/7/2019 10:00:00 AM,51298,PEPCO,,,ZONE,,38.560000,39.142732,0.076851,0.502548,True,1
11/7/2019 4:00:00 PM,11/7/2019 11:00:00 AM,51298,PEPCO,,,ZONE,,32.660000,33.319510,0.426042,0.235968,True,1
11/7/2019 5:00:00 PM,11/7/2019 12:00:00 PM,51298,PEPCO,,,ZONE,,50.550000,51.664042,0.926956,0.189586,True,1
11/7/2019 6:00:00 PM,11/7/2019 1:00:00 PM,51298,PEPCO,,,ZONE,,35.820000,36.700821,0.761363,0.117791,True,1
11/7/2019 7:00:00 PM,11/7/2019 2:00:00 PM,51298,PEPCO,,,ZONE,,23.650000,23.866383,0.070435,0.145948,True,1
11/7/2019 8:00:00 PM,11/7/2019 3:00:00 PM,51298,PEPCO,,,ZONE,,24.830000,24.711678,-0.324828,0.203172,True,1
11/7/2019 9:00:00 PM,11/7/2019 4:00:00 PM,51298,PEPCO,,,ZONE,,25.880000,25.768273,-0.355579,0.246351,True,1
11/7/2019 10:00:00 PM,11/7/2019 5:00:00 PM,51298,PEPCO,,,ZONE,,28.830000,28.785203,-0.360825,0.314361,True,1
11/7/2019 11:00:00 PM,11/7/2019 6:00:00 PM,51298,PEPCO,,,ZONE,,28.130000,27.669833,-0.574505,0.116838,True,1
11/8/2019 12:00:00 AM,11/7/2019 7:00:00 PM,51298,PEPCO,,,ZONE,,34.250000,33.006070,-1.347900,0.101469,True,1
11/8/2019 1:00:00 AM,11/7/2019 8:00:00 PM,51298,PEPCO,,,ZONE,,33.570000,32.426339,-1.127455,-0.015373,True,1
11/8/2019 2:00:00 AM,11/7/2019 9:00:00 PM,51298,PEPCO,,,ZONE,,32.390000,32.851439,0.538702,-0.074763,True,1
11/8/2019 3:00:00 AM,11/7/2019 10:00:00 PM,51298,PEPCO,,,ZONE,,23.290000,23.992078,0.748419,-0.048008,True,1
11/8/2019 4:00:00 AM,11/7/2019 11:00:00 PM,51298,PEPCO,,,ZONE,,21.930000,21.846560,-0.140289,0.059349,True,1
11/8/2019 5:00:00 AM,11/8/2019 12:00:00 AM,51298,PEPCO,,,ZONE,,22.210000,22.477167,0.223715,0.039285,True,1
11/8/2019 6:00:00 AM,11/8/2019 1:00:00 AM,51298,PEPCO,,,ZONE,,21.550000,22.095396,0.533194,0.016369,True,1
11/8/2019 7:00:00 AM,11/8/2019 2:00:00 AM,51298,PEPCO,,,ZONE,,21.170000,21.641529,0.451495,0.022534,True,1
11/8/2019 8:00:00 AM,11/8/2019 3:00:00 AM,51298,PEPCO,,,ZONE,,22.070000,23.171922,1.052728,0.052526,True,1
11/8/2019 9:00:00 AM,11/8/2019 4:00:00 AM,51298,PEPCO,,,ZONE,,23.010000,24.171259,1.103079,0.063180,True,1
11/8/2019 10:00:00 AM,11/8/2019 5:00:00 AM,51298,PEPCO,,,ZONE,,25.610000,27.378614,1.696496,0.072118,True,1
11/8/2019 11:00:00 AM,11/8/2019 6:00:00 AM,51298,PEPCO,,,ZONE,,30.260000,30.515440,0.017952,0.239155,True,1
11/8/2019 12:00:00 PM,11/8/2019 7:00:00 AM,51298,PEPCO,,,ZONE,,31.770000,32.907679,0.873904,0.267108,True,1
11/8/2019 1:00:00 PM,11/8/2019 8:00:00 AM,51298,PEPCO,,,ZONE,,31.310000,35.364536,3.950395,0.099974,True,1
11/8/2019 2:00:00 PM,11/8/2019 9:00:00 AM,51298,PEPCO,,,ZONE,,29.000000,32.746393,3.757554,-0.011161,True,1
11/8/2019 3:00:00 PM,11/8/2019 10:00:00 AM,51298,PEPCO,,,ZONE,,27.550000,29.851566,2.216723,0.080676,True,1
11/8/2019 4:00:00 PM,11/8/2019 11:00:00 AM,51298,PEPCO,,,ZONE,,26.540000,28.564930,1.928600,0.097164,True,1
11/8/2019 5:00:00 PM,11/8/2019 12:00:00 PM,51298,PEPCO,,,ZONE,,25.820000,28.290250,2.424106,0.045310,True,1
11/8/2019 6:00:00 PM,11/8/2019 1:00:00 PM,51298,PEPCO,,,ZONE,,25.130000,26.389896,1.204447,0.053783,True,1
11/8/2019 7:00:00 PM,11/8/2019 2:00:00 PM,51298,PEPCO,,,ZONE,,25.650000,27.547880,1.783913,0.118968,True,1
11/8/2019 8:00:00 PM,11/8/2019 3:00:00 PM,51298,PEPCO,,,ZONE,,27.950000,31.406758,3.187298,0.269460,True,1
11/8/2019 9:00:00 PM,11/8/2019 4:00:00 PM,51298,PEPCO,,,ZONE,,27.390000,29.121372,1.346559,0.380646,True,1
11/8/2019 10:00:00 PM,11/8/2019 5:00:00 PM,51298,PEPCO,,,ZONE,,35.920000,35.911115,-0.573643,0.564758,True,1
11/8/2019 11:00:00 PM,11/8/2019 6:00:00 PM,51298,PEPCO,,,ZONE,,31.800000,34.621068,2.429848,0.387054,True,1
11/9/2019 12:00:00 AM,11/8/2019 7:00:00 PM,51298,PEPCO,,,ZONE,,28.760000,34.043753,4.932579,0.347841,True,1
11/9/2019 1:00:00 AM,11/8/2019 8:00:00 PM,51298,PEPCO,,,ZONE,,28.660000,33.318803,4.297272,0.357364,True,1
11/9/2019 2:00:00 AM,11/8/2019 9:00:00 PM,51298,PEPCO,,,ZONE,,45.220000,63.819508,18.033614,0.565060,True,1
11/9/2019 3:00:00 AM,11/8/2019 10:00:00 PM,51298,PEPCO,,,ZONE,,26.550000,34.806054,7.930355,0.330699,True,1
11/9/2019 4:00:00 AM,11/8/2019 11:00:00 PM,51298,PEPCO,,,ZONE,,23.950000,26.390154,2.108240,0.328581,True,1
11/9/2019 5:00:00 AM,11/9/2019 12:00:00 AM,51298,PEPCO,,,ZONE,,42.500000,43.167386,0.170802,0.499084,True,1
11/9/2019 6:00:00 AM,11/9/2019 1:00:00 AM,51298,PEPCO,,,ZONE,,27.170000,29.638404,2.137404,0.326833,True,1
11/9/2019 7:00:00 AM,11/9/2019 2:00:00 AM,51298,PEPCO,,,ZONE,,26.170000,28.158697,1.664585,0.322445,True,1
11/9/2019 8:00:00 AM,11/9/2019 3:00:00 AM,51298,PEPCO,,,ZONE,,29.320000,31.618562,1.943568,0.355827,True,1
11/9/2019 9:00:00 AM,11/9/2019 4:00:00 AM,51298,PEPCO,,,ZONE,,27.460000,28.948257,1.174465,0.317125,True,1
11/9/2019 10:00:00 AM,11/9/2019 5:00:00 AM,51298,PEPCO,,,ZONE,,27.670000,29.849699,1.778894,0.399972,True,1
11/9/2019 11:00:00 AM,11/9/2019 6:00:00 AM,51298,PEPCO,,,ZONE,,31.480000,35.838434,3.823693,0.530574,True,1
11/9/2019 12:00:00 PM,11/9/2019 7:00:00 AM,51298,PEPCO,,,ZONE,,24.370000,26.725017,1.838970,0.517713,True,1
11/9/2019 1:00:00 PM,11/9/2019 8:00:00 AM,51298,PEPCO,,,ZONE,,28.450000,29.551137,0.486635,0.617836,True,1
11/9/2019 2:00:00 PM,11/9/2019 9:00:00 AM,51298,PEPCO,,,ZONE,,27.410000,28.149603,0.214882,0.529721,True,1
11/9/2019 3:00:00 PM,11/9/2019 10:00:00 AM,51298,PEPCO,,,ZONE,,23.820000,25.503191,1.227810,0.454547,True,1
11/9/2019 4:00:00 PM,11/9/2019 11:00:00 AM,51298,PEPCO,,,ZONE,,25.240000,27.190463,1.515705,0.433926,True,1
11/9/2019 5:00:00 PM,11/9/2019 12:00:00 PM,51298,PEPCO,,,ZONE,,23.190000,24.669023,1.092058,0.391132,True,1
11/9/2019 6:00:00 PM,11/9/2019 1:00:00 PM,51298,PEPCO,,,ZONE,,21.950000,23.788869,1.441271,0.399265,True,1
11/9/2019 7:00:00 PM,11/9/2019 2:00:00 PM,51298,PEPCO,,,ZONE,,21.900000,23.713173,1.382524,0.432315,True,1
11/9/2019 8:00:00 PM,11/9/2019 3:00:00 PM,51298,PEPCO,,,ZONE,,23.630000,25.719345,1.610100,0.480912,True,1
11/9/2019 9:00:00 PM,11/9/2019 4:00:00 PM,51298,PEPCO,,,ZONE,,25.680000,27.164603,0.916076,0.570193,True,1
11/9/2019 10:00:00 PM,11/9/2019 5:00:00 PM,51298,PEPCO,,,ZONE,,29.880000,30.693103,0.103217,0.714886,True,1
11/9/2019 11:00:00 PM,11/9/2019 6:00:00 PM,51298,PEPCO,,,ZONE,,25.230000,26.383268,0.505962,0.651473,True,1
11/10/2019 12:00:00 AM,11/9/2019 7:00:00 PM,51298,PEPCO,,,ZONE,,27.220000,29.480556,1.518925,0.746631,True,1
11/10/2019 1:00:00 AM,11/9/2019 8:00:00 PM,51298,PEPCO,,,ZONE,,29.200000,30.126326,0.157232,0.770760,True,1
11/10/2019 2:00:00 AM,11/9/2019 9:00:00 PM,51298,PEPCO,,,ZONE,,25.120000,25.914991,0.125734,0.673424,True,1
11/10/2019 3:00:00 AM,11/9/2019 10:00:00 PM,51298,PEPCO,,,ZONE,,23.750000,24.695675,0.302433,0.644908,True,1
11/10/2019 4:00:00 AM,11/9/2019 11:00:00 PM,51298,PEPCO,,,ZONE,,23.740000,24.451904,0.058780,0.648957,True,1
11/10/2019 5:00:00 AM,11/10/2019 12:00:00 AM,51298,PEPCO,,,ZONE,,22.970000,23.513351,0.016002,0.530682,True,1
11/10/2019 6:00:00 AM,11/10/2019 1:00:00 AM,51298,PEPCO,,,ZONE,,20.920000,21.442024,0.029166,0.491191,True,1
11/10/2019 7:00:00 AM,11/10/2019 2:00:00 AM,51298,PEPCO,,,ZONE,,21.530000,22.017746,0.000000,0.486913,True,1
11/10/2019 8:00:00 AM,11/10/2019 3:00:00 AM,51298,PEPCO,,,ZONE,,21.830000,22.280290,0.000000,0.451957,True,1
11/10/2019 9:00:00 AM,11/10/2019 4:00:00 AM,51298,PEPCO,,,ZONE,,21.800000,22.405276,0.149034,0.453742,True,1
11/10/2019 10:00:00 AM,11/10/2019 5:00:00 AM,51298,PEPCO,,,ZONE,,26.090000,27.129443,0.547190,0.488087,True,1
11/10/2019 11:00:00 AM,11/10/2019 6:00:00 AM,51298,PEPCO,,,ZONE,,22.570000,23.616099,0.608565,0.435867,True,1
11/10/2019 12:00:00 PM,11/10/2019 7:00:00 AM,51298,PEPCO,,,ZONE,,23.100000,23.981883,0.363108,0.514608,True,1
11/10/2019 1:00:00 PM,11/10/2019 8:00:00 AM,51298,PEPCO,,,ZONE,,21.590000,22.565900,0.503060,0.471172,True,1
11/10/2019 2:00:00 PM,11/10/2019 9:00:00 AM,51298,PEPCO,,,ZONE,,21.510000,22.101928,0.156253,0.435675,True,1
11/10/2019 3:00:00 PM,11/10/2019 10:00:00 AM,51298,PEPCO,,,ZONE,,21.190000,21.524533,-0.013807,0.346673,True,1
11/10/2019 4:00:00 PM,11/10/2019 11:00:00 AM,51298,PEPCO,,,ZONE,,20.440000,20.702607,-0.008236,0.275010,True,1
11/10/2019 5:00:00 PM,11/10/2019 12:00:00 PM,51298,PEPCO,,,ZONE,,20.970000,21.226113,-0.013333,0.269447,True,1
11/10/2019 6:00:00 PM,11/10/2019 1:00:00 PM,51298,PEPCO,,,ZONE,,21.640000,21.931170,0.000000,0.288670,True,1
11/10/2019 7:00:00 PM,11/10/2019 2:00:00 PM,51298,PEPCO,,,ZONE,,20.410000,20.672941,-0.023748,0.285856,True,1
11/10/2019 8:00:00 PM,11/10/2019 3:00:00 PM,51298,PEPCO,,,ZONE,,21.610000,22.009467,0.064167,0.333634,True,1
11/10/2019 9:00:00 PM,11/10/2019 4:00:00 PM,51298,PEPCO,,,ZONE,,22.740000,23.396953,0.295654,0.364632,True,1
11/10/2019 10:00:00 PM,11/10/2019 5:00:00 PM,51298,PEPCO,,,ZONE,,26.270000,26.931016,0.233112,0.428737,True,1
11/10/2019 11:00:00 PM,11/10/2019 6:00:00 PM,51298,PEPCO,,,ZONE,,24.330000,24.825553,0.078631,0.420255,True,1
11/11/2019 12:00:00 AM,11/10/2019 7:00:00 PM,51298,PEPCO,,,ZONE,,23.180000,23.667756,0.045431,0.439826,True,1
11/11/2019 1:00:00 AM,11/10/2019 8:00:00 PM,51298,PEPCO,,,ZONE,,22.610000,23.287935,0.223548,0.450221,True,1
11/11/2019 2:00:00 AM,11/10/2019 9:00:00 PM,51298,PEPCO,,,ZONE,,19.940000,20.569768,0.254543,0.373559,True,1
11/11/2019 3:00:00 AM,11/10/2019 10:00:00 PM,51298,PEPCO,,,ZONE,,17.940000,19.304457,1.078771,0.290686,True,1
11/11/2019 4:00:00 AM,11/10/2019 11:00:00 PM,51298,PEPCO,,,ZONE,,19.310000,19.601150,0.052582,0.238568,True,1
11/11/2019 5:00:00 AM,11/11/2019 12:00:00 AM,51298,PEPCO,,,ZONE,,18.010000,18.435209,0.232521,0.189354,True,1
11/11/2019 6:00:00 AM,11/11/2019 1:00:00 AM,51298,PEPCO,,,ZONE,,16.550000,17.698382,0.963469,0.184080,True,1
11/11/2019 7:00:00 AM,11/11/2019 2:00:00 AM,51298,PEPCO,,,ZONE,,17.870000,18.214370,0.166130,0.174073,True,1
11/11/2019 8:00:00 AM,11/11/2019 3:00:00 AM,51298,PEPCO,,,ZONE,,18.150000,18.301902,-0.005559,0.154128,True,1
11/11/2019 9:00:00 AM,11/11/2019 4:00:00 AM,51298,PEPCO,,,ZONE,,18.350000,18.886737,0.331800,0.206604,True,1
11/11/2019 10:00:00 AM,11/11/2019 5:00:00 AM,51298,PEPCO,,,ZONE,,20.480000,22.410724,1.687861,0.238696,True,1
11/11/2019 11:00:00 AM,11/11/2019 6:00:00 AM,51298,PEPCO,,,ZONE,,27.950000,29.824047,1.574558,0.302823,True,1
11/11/2019 12:00:00 PM,11/11/2019 7:00:00 AM,51298,PEPCO,,,ZONE,,22.880000,23.900420,0.765268,0.260153,True,1
11/11/2019 1:00:00 PM,11/11/2019 8:00:00 AM,51298,PEPCO,,,ZONE,,23.960000,24.985482,0.818549,0.211100,True,1
11/11/2019 2:00:00 PM,11/11/2019 9:00:00 AM,51298,PEPCO,,,ZONE,,23.130000,24.029516,0.788328,0.107021,True,1
11/11/2019 3:00:00 PM,11/11/2019 10:00:00 AM,51298,PEPCO,,,ZONE,,22.950000,24.373817,1.386207,0.040944,True,1
11/11/2019 4:00:00 PM,11/11/2019 11:00:00 AM,51298,PEPCO,,,ZONE,,22.270000,22.435149,0.154744,0.008739,True,1
11/11/2019 5:00:00 PM,11/11/2019 12:00:00 PM,51298,PEPCO,,,ZONE,,21.940000,22.026675,0.097656,-0.005980,True,1
11/11/2019 6:00:00 PM,11/11/2019 1:00:00 PM,51298,PEPCO,,,ZONE,,21.970000,22.214762,0.267883,-0.024787,True,1
11/11/2019 7:00:00 PM,11/11/2019 2:00:00 PM,51298,PEPCO,,,ZONE,,21.460000,21.653529,0.180395,0.016468,True,1
11/11/2019 8:00:00 PM,11/11/2019 3:00:00 PM,51298,PEPCO,,,ZONE,,21.930000,23.041062,1.114714,-0.000319,True,1
11/11/2019 9:00:00 PM,11/11/2019 4:00:00 PM,51298,PEPCO,,,ZONE,,22.500000,23.699862,1.178884,0.020145,True,1
11/11/2019 10:00:00 PM,11/11/2019 5:00:00 PM,51298,PEPCO,,,ZONE,,28.330000,29.170892,0.781351,0.059542,True,1
11/11/2019 11:00:00 PM,11/11/2019 6:00:00 PM,51298,PEPCO,,,ZONE,,23.480000,23.718274,0.223284,0.013324,True,1
11/12/2019 12:00:00 AM,11/11/2019 7:00:00 PM,51298,PEPCO,,,ZONE,,26.660000,26.844622,0.183958,-0.002668,True,1
11/12/2019 1:00:00 AM,11/11/2019 8:00:00 PM,51298,PEPCO,,,ZONE,,20.800000,20.928164,0.074815,0.055015,True,1
11/12/2019 2:00:00 AM,11/11/2019 9:00:00 PM,51298,PEPCO,,,ZONE,,20.580000,20.830914,0.273843,-0.021263,True,1
11/12/2019 3:00:00 AM,11/11/2019 10:00:00 PM,51298,PEPCO,,,ZONE,,18.880000,18.812073,0.030159,-0.095586,True,1
11/12/2019 4:00:00 AM,11/11/2019 11:00:00 PM,51298,PEPCO,,,ZONE,,18.580000,18.507915,0.004167,-0.077919,True,1
11/12/2019 5:00:00 AM,11/12/2019 12:00:00 AM,51298,PEPCO,,,ZONE,,19.960000,19.852730,0.000000,-0.104770,True,1
11/12/2019 6:00:00 AM,11/12/2019 1:00:00 AM,51298,PEPCO,,,ZONE,,19.190000,19.015070,-0.000215,-0.173049,True,1
11/12/2019 7:00:00 AM,11/12/2019 2:00:00 AM,51298,PEPCO,,,ZONE,,18.620000,18.525118,0.091524,-0.183073,True,1
11/12/2019 8:00:00 AM,11/12/2019 3:00:00 AM,51298,PEPCO,,,ZONE,,17.830000,17.670353,0.000000,-0.160481,True,1
11/12/2019 9:00:00 AM,11/12/2019 4:00:00 AM,51298,PEPCO,,,ZONE,,20.480000,17.559723,-2.677143,-0.243135,True,1
11/12/2019 10:00:00 AM,11/12/2019 5:00:00 AM,51298,PEPCO,,,ZONE,,23.640000,19.205629,-4.253921,-0.180451,True,1
11/12/2019 11:00:00 AM,11/12/2019 6:00:00 AM,51298,PEPCO,,,ZONE,,25.030000,23.259022,-1.754298,-0.011680,True,1
11/12/2019 12:00:00 PM,11/12/2019 7:00:00 AM,51298,PEPCO,,,ZONE,,29.200000,29.247838,0.004726,0.038946,True,1
11/12/2019 1:00:00 PM,11/12/2019 8:00:00 AM,51298,PEPCO,,,ZONE,,31.510000,31.528034,0.004167,0.012200,True,1
11/12/2019 2:00:00 PM,11/12/2019 9:00:00 AM,51298,PEPCO,,,ZONE,,33.320000,33.292612,0.006667,-0.029888,True,1
11/12/2019 3:00:00 PM,11/12/2019 10:00:00 AM,51298,PEPCO,,,ZONE,,32.610000,32.713300,0.012302,0.095998,True,1
11/12/2019 4:00:00 PM,11/12/2019 11:00:00 AM,51298,PEPCO,,,ZONE,,37.670000,37.916914,0.019167,0.229414,True,1
11/12/2019 5:00:00 PM,11/12/2019 12:00:00 PM,51298,PEPCO,,,ZONE,,36.350000,37.098516,0.316931,0.435751,True,1
11/12/2019 6:00:00 PM,11/12/2019 1:00:00 PM,51298,PEPCO,,,ZONE,,31.560000,33.065015,1.008301,0.501714,True,1
11/12/2019 7:00:00 PM,11/12/2019 2:00:00 PM,51298,PEPCO,,,ZONE,,30.300000,32.091495,1.262754,0.533740,True,1
11/12/2019 8:00:00 PM,11/12/2019 3:00:00 PM,51298,PEPCO,,,ZONE,,31.600000,33.218497,1.122251,0.498745,True,1
11/12/2019 9:00:00 PM,11/12/2019 4:00:00 PM,51298,PEPCO,,,ZONE,,31.300000,33.275790,1.357125,0.620332,True,1
11/12/2019 10:00:00 PM,11/12/2019 5:00:00 PM,51298,PEPCO,,,ZONE,,59.920000,64.704168,3.577733,1.208102,True,1
11/12/2019 11:00:00 PM,11/12/2019 6:00:00 PM,51298,PEPCO,,,ZONE,,41.110000,41.436117,-0.247605,0.572888,True,1
11/13/2019 12:00:00 AM,11/12/2019 7:00:00 PM,51298,PEPCO,,,ZONE,,57.190000,54.656022,-3.183927,0.654949,True,1
11/13/2019 1:00:00 AM,11/12/2019 8:00:00 PM,51298,PEPCO,,,ZONE,,51.030000,46.472295,-5.275180,0.717476,True,1
11/13/2019 2:00:00 AM,11/12/2019 9:00:00 PM,51298,PEPCO,,,ZONE,,48.620000,47.509360,-1.743072,0.634099,True,1
11/13/2019 3:00:00 AM,11/12/2019 10:00:00 PM,51298,PEPCO,,,ZONE,,32.590000,33.675460,0.691080,0.396880,True,1
11/13/2019 4:00:00 AM,11/12/2019 11:00:00 PM,51298,PEPCO,,,ZONE,,29.450000,31.606017,1.719344,0.439173,True,1
11/13/2019 5:00:00 AM,11/13/2019 12:00:00 AM,51298,PEPCO,,,ZONE,,31.500000,33.891488,1.913596,0.481226,True,1
11/13/2019 6:00:00 AM,11/13/2019 1:00:00 AM,51298,PEPCO,,,ZONE,,32.030000,35.967134,3.456095,0.480206,True,1
11/13/2019 7:00:00 AM,11/13/2019 2:00:00 AM,51298,PEPCO,,,ZONE,,30.580000,32.930155,1.880576,0.474580,True,1
11/13/2019 8:00:00 AM,11/13/2019 3:00:00 AM,51298,PEPCO,,,ZONE,,30.200000,32.708641,2.063325,0.441149,True,1
11/13/2019 9:00:00 AM,11/13/2019 4:00:00 AM,51298,PEPCO,,,ZONE,,32.810000,34.342205,0.976883,0.551989,True,1
11/13/2019 10:00:00 AM,11/13/2019 5:00:00 AM,51298,PEPCO,,,ZONE,,48.380000,45.775612,-3.455056,0.855668,True,1
11/13/2019 11:00:00 AM,11/13/2019 6:00:00 AM,51298,PEPCO,,,ZONE,,149.890000,192.708886,39.635543,3.185843,True,1
11/13/2019 12:00:00 PM,11/13/2019 7:00:00 AM,51298,PEPCO,,,ZONE,,497.620000,697.099944,187.702006,11.782938,True,1
11/13/2019 1:00:00 PM,11/13/2019 8:00:00 AM,51298,PEPCO,,,ZONE,,73.420000,77.533234,2.955910,1.158991,True,1
11/13/2019 2:00:00 PM,11/13/2019 9:00:00 AM,51298,PEPCO,,,ZONE,,41.330000,43.248599,1.168126,0.747139,True,1
11/13/2019 3:00:00 PM,11/13/2019 10:00:00 AM,51298,PEPCO,,,ZONE,,49.550000,53.436500,2.847865,1.037802,True,1
11/13/2019 4:00:00 PM,11/13/2019 11:00:00 AM,51298,PEPCO,,,ZONE,,43.000000,46.151547,2.437842,0.712038,True,1
11/13/2019 5:00:00 PM,11/13/2019 12:00:00 PM,51298,PEPCO,,,ZONE,,40.670000,43.258570,2.051712,0.541024,True,1
11/13/2019 6:00:00 PM,11/13/2019 1:00:00 PM,51298,PEPCO,,,ZONE,,41.870000,44.533472,2.169031,0.497774,True,1
11/13/2019 7:00:00 PM,11/13/2019 2:00:00 PM,51298,PEPCO,,,ZONE,,34.350000,36.449040,1.601449,0.501758,True,1
11/13/2019 8:00:00 PM,11/13/2019 3:00:00 PM,51298,PEPCO,,,ZONE,,40.480000,43.262366,2.112982,0.671051,True,1
11/13/2019 9:00:00 PM,11/13/2019 4:00:00 PM,51298,PEPCO,,,ZONE,,56.270000,60.303573,2.872390,1.160349,True,1
11/13/2019 10:00:00 PM,11/13/2019 5:00:00 PM,51298,PEPCO,,,ZONE,,62.910000,66.989102,2.594319,1.485616,True,1
11/13/2019 11:00:00 PM,11/13/2019 6:00:00 PM,51298,PEPCO,,,ZONE,,41.700000,44.267338,1.628997,0.943341,True,1
11/14/2019 12:00:00 AM,11/13/2019 7:00:00 PM,51298,PEPCO,,,ZONE,,41.970000,44.869841,1.864915,1.034093,True,1
11/14/2019 1:00:00 AM,11/13/2019 8:00:00 PM,51298,PEPCO,,,ZONE,,43.350000,45.525518,1.062486,1.109699,True,1
11/14/2019 2:00:00 AM,11/13/2019 9:00:00 PM,51298,PEPCO,,,ZONE,,42.860000,44.669846,0.656025,1.155488,True,1
11/14/2019 3:00:00 AM,11/13/2019 10:00:00 PM,51298,PEPCO,,,ZONE,,35.510000,36.698297,0.327257,0.864374,True,1
11/14/2019 4:00:00 AM,11/13/2019 11:00:00 PM,51298,PEPCO,,,ZONE,,29.990000,30.740030,0.006624,0.741740,True,1
11/14/2019 5:00:00 AM,11/14/2019 12:00:00 AM,51298,PEPCO,,,ZONE,,34.270000,34.931214,0.002840,0.657540,True,1
11/14/2019 6:00:00 AM,11/14/2019 1:00:00 AM,51298,PEPCO,,,ZONE,,32.460000,33.056616,0.000791,0.591659,True,1
11/14/2019 7:00:00 AM,11/14/2019 2:00:00 AM,51298,PEPCO,,,ZONE,,30.640000,31.270945,0.000000,0.633445,True,1
11/14/2019 8:00:00 AM,11/14/2019 3:00:00 AM,51298,PEPCO,,,ZONE,,30.290000,31.153239,0.160050,0.699856,True,1
11/14/2019 9:00:00 AM,11/14/2019 4:00:00 AM,51298,PEPCO,,,ZONE,,29.220000,30.242565,0.307204,0.713694,True,1
11/14/2019 10:00:00 AM,11/14/2019 5:00:00 AM,51298,PEPCO,,,ZONE,,37.630000,30.916193,-7.807384,1.096076,True,1
11/14/2019 11:00:00 AM,11/14/2019 6:00:00 AM,51298,PEPCO,,,ZONE,,63.730000,53.204276,-12.512245,1.989021,True,1
11/14/2019 12:00:00 PM,11/14/2019 7:00:00 AM,51298,PEPCO,,,ZONE,,48.910000,45.508314,-4.790853,1.390001,True,1
11/14/2019 1:00:00 PM,11/14/2019 8:00:00 AM,51298,PEPCO,,,ZONE,,42.310000,43.903475,0.663492,0.932484,True,1
11/14/2019 2:00:00 PM,11/14/2019 9:00:00 AM,51298,PEPCO,,,ZONE,,52.200000,54.053865,1.049532,0.807667,True,1
11/14/2019 3:00:00 PM,11/14/2019 10:00:00 AM,51298,PEPCO,,,ZONE,,40.470000,40.959790,-0.118756,0.610212,True,1
11/14/2019 4:00:00 PM,11/14/2019 11:00:00 AM,51298,PEPCO,,,ZONE,,36.340000,36.633185,-0.184038,0.475555,True,1
11/14/2019 5:00:00 PM,11/14/2019 12:00:00 PM,51298,PEPCO,,,ZONE,,30.020000,30.280106,-0.050332,0.314604,True,1
11/14/2019 6:00:00 PM,11/14/2019 1:00:00 PM,51298,PEPCO,,,ZONE,,27.700000,27.901840,-0.064427,0.271267,True,1
11/14/2019 7:00:00 PM,11/14/2019 2:00:00 PM,51298,PEPCO,,,ZONE,,30.010000,30.346686,-0.011149,0.348669,True,1
11/14/2019 8:00:00 PM,11/14/2019 3:00:00 PM,51298,PEPCO,,,ZONE,,30.500000,30.859529,-0.015388,0.373250,True,1
11/14/2019 9:00:00 PM,11/14/2019 4:00:00 PM,51298,PEPCO,,,ZONE,,26.380000,26.779618,-0.032882,0.433333,True,1
11/14/2019 10:00:00 PM,11/14/2019 5:00:00 PM,51298,PEPCO,,,ZONE,,28.850000,29.309208,-0.015954,0.477662,True,1
11/14/2019 11:00:00 PM,11/14/2019 6:00:00 PM,51298,PEPCO,,,ZONE,,29.970000,30.512488,0.035377,0.511278,True,1
11/15/2019 12:00:00 AM,11/14/2019 7:00:00 PM,51298,PEPCO,,,ZONE,,31.810000,32.417016,0.027723,0.575960,True,1
11/15/2019 1:00:00 AM,11/14/2019 8:00:00 PM,51298,PEPCO,,,ZONE,,29.800000,30.313911,0.010084,0.501327,True,1
11/15/2019 2:00:00 AM,11/14/2019 9:00:00 PM,51298,PEPCO,,,ZONE,,29.200000,29.612813,0.000000,0.417813,True,1
11/15/2019 3:00:00 AM,11/14/2019 10:00:00 PM,51298,PEPCO,,,ZONE,,24.110000,24.439130,0.000000,0.329964,True,1
11/15/2019 4:00:00 AM,11/14/2019 11:00:00 PM,51298,PEPCO,,,ZONE,,24.680000,24.903592,0.000000,0.226092,True,1
11/15/2019 5:00:00 AM,11/15/2019 12:00:00 AM,51298,PEPCO,,,ZONE,,22.020000,23.072340,0.841892,0.209614,True,1
11/15/2019 6:00:00 AM,11/15/2019 1:00:00 AM,51298,PEPCO,,,ZONE,,23.770000,24.304671,0.244098,0.288907,True,1
11/15/2019 7:00:00 AM,11/15/2019 2:00:00 AM,51298,PEPCO,,,ZONE,,23.340000,23.704370,0.048333,0.316037,True,1
11/15/2019 8:00:00 AM,11/15/2019 3:00:00 AM,51298,PEPCO,,,ZONE,,22.830000,23.176248,0.055909,0.295339,True,1
11/15/2019 9:00:00 AM,11/15/2019 4:00:00 AM,51298,PEPCO,,,ZONE,,23.300000,23.970302,0.331702,0.341933,True,1
11/15/2019 10:00:00 AM,11/15/2019 5:00:00 AM,51298,PEPCO,,,ZONE,,23.660000,24.536623,0.528971,0.345152,True,1
11/15/2019 11:00:00 AM,11/15/2019 6:00:00 AM,51298,PEPCO,,,ZONE,,25.920000,27.087395,0.750641,0.420920,True,1
11/15/2019 12:00:00 PM,11/15/2019 7:00:00 AM,51298,PEPCO,,,ZONE,,31.640000,33.296179,1.321082,0.337596,True,1
11/15/2019 1:00:00 PM,11/15/2019 8:00:00 AM,51298,PEPCO,,,ZONE,,35.230000,38.542080,3.008954,0.308126,True,1
11/15/2019 2:00:00 PM,11/15/2019 9:00:00 AM,51298,PEPCO,,,ZONE,,26.500000,27.345719,0.670076,0.175643,True,1
11/15/2019 3:00:00 PM,11/15/2019 10:00:00 AM,51298,PEPCO,,,ZONE,,30.010000,30.920549,0.899764,0.009951,True,1
11/15/2019 4:00:00 PM,11/15/2019 11:00:00 AM,51298,PEPCO,,,ZONE,,28.690000,28.317330,-0.271474,-0.097029,True,1
11/15/2019 5:00:00 PM,11/15/2019 12:00:00 PM,51298,PEPCO,,,ZONE,,25.250000,25.172479,-0.015684,-0.065170,True,1
11/15/2019 6:00:00 PM,11/15/2019 1:00:00 PM,51298,PEPCO,,,ZONE,,25.170000,25.123842,-0.008916,-0.038909,True,1
11/15/2019 7:00:00 PM,11/15/2019 2:00:00 PM,51298,PEPCO,,,ZONE,,26.480000,26.528442,-0.009160,0.061769,True,1
11/15/2019 8:00:00 PM,11/15/2019 3:00:00 PM,51298,PEPCO,,,ZONE,,25.590000,25.690834,-0.010833,0.109167,True,1
11/15/2019 9:00:00 PM,11/15/2019 4:00:00 PM,51298,PEPCO,,,ZONE,,24.290000,24.379019,-0.027235,0.117921,True,1
11/15/2019 10:00:00 PM,11/15/2019 5:00:00 PM,51298,PEPCO,,,ZONE,,28.390000,28.442047,-0.128461,0.183009,True,1
11/15/2019 11:00:00 PM,11/15/2019 6:00:00 PM,51298,PEPCO,,,ZONE,,30.730000,30.936547,0.009417,0.192963,True,1
11/16/2019 12:00:00 AM,11/15/2019 7:00:00 PM,51298,PEPCO,,,ZONE,,25.440000,26.556589,0.957380,0.160042,True,1
11/16/2019 1:00:00 AM,11/15/2019 8:00:00 PM,51298,PEPCO,,,ZONE,,25.340000,26.058176,0.555857,0.158152,True,1
11/16/2019 2:00:00 AM,11/15/2019 9:00:00 PM,51298,PEPCO,,,ZONE,,23.890000,24.052106,0.014070,0.153036,True,1
11/16/2019 3:00:00 AM,11/15/2019 10:00:00 PM,51298,PEPCO,,,ZONE,,24.380000,24.905185,0.312136,0.209717,True,1
11/16/2019 4:00:00 AM,11/15/2019 11:00:00 PM,51298,PEPCO,,,ZONE,,22.460000,24.153748,1.407946,0.284969,True,1
11/16/2019 5:00:00 AM,11/16/2019 12:00:00 AM,51298,PEPCO,,,ZONE,,24.820000,25.009601,-0.014748,0.201849,True,1
11/16/2019 6:00:00 AM,11/16/2019 1:00:00 AM,51298,PEPCO,,,ZONE,,22.810000,23.067456,0.055288,0.203002,True,1
11/16/2019 7:00:00 AM,11/16/2019 2:00:00 AM,51298,PEPCO,,,ZONE,,25.200000,26.550082,1.120363,0.226386,True,1
11/16/2019 8:00:00 AM,11/16/2019 3:00:00 AM,51298,PEPCO,,,ZONE,,27.300000,29.950273,2.447172,0.208100,True,1
11/16/2019 9:00:00 AM,11/16/2019 4:00:00 AM,51298,PEPCO,,,ZONE,,27.800000,30.735735,2.748159,0.191742,True,1
11/16/2019 10:00:00 AM,11/16/2019 5:00:00 AM,51298,PEPCO,,,ZONE,,25.210000,26.071531,0.643051,0.215146,True,1
11/16/2019 11:00:00 AM,11/16/2019 6:00:00 AM,51298,PEPCO,,,ZONE,,40.090000,51.737254,11.308489,0.334599,True,1
11/16/2019 12:00:00 PM,11/16/2019 7:00:00 AM,51298,PEPCO,,,ZONE,,39.870000,57.224546,17.039145,0.320400,True,1
11/16/2019 1:00:00 PM,11/16/2019 8:00:00 AM,51298,PEPCO,,,ZONE,,26.560000,31.350228,4.617290,0.172104,True,1
11/16/2019 2:00:00 PM,11/16/2019 9:00:00 AM,51298,PEPCO,,,ZONE,,25.470000,29.423963,3.828839,0.123458,True,1
11/16/2019 3:00:00 PM,11/16/2019 10:00:00 AM,51298,PEPCO,,,ZONE,,26.930000,30.296384,3.295369,0.069349,True,1
11/16/2019 4:00:00 PM,11/16/2019 11:00:00 AM,51298,PEPCO,,,ZONE,,25.080000,27.842768,2.638774,0.120661,True,1
11/16/2019 5:00:00 PM,11/16/2019 12:00:00 PM,51298,PEPCO,,,ZONE,,24.860000,28.290670,3.329427,0.104575,True,1
11/16/2019 6:00:00 PM,11/16/2019 1:00:00 PM,51298,PEPCO,,,ZONE,,22.870000,25.294201,2.348347,0.078354,True,1
11/16/2019 7:00:00 PM,11/16/2019 2:00:00 PM,51298,PEPCO,,,ZONE,,22.930000,24.981706,1.907317,0.146056,True,1
11/16/2019 8:00:00 PM,11/16/2019 3:00:00 PM,51298,PEPCO,,,ZONE,,25.880000,27.381843,1.293189,0.205321,True,1
11/16/2019 9:00:00 PM,11/16/2019 4:00:00 PM,51298,PEPCO,,,ZONE,,24.120000,24.502811,0.087599,0.299378,True,1
11/16/2019 10:00:00 PM,11/16/2019 5:00:00 PM,51298,PEPCO,,,ZONE,,29.430000,31.705122,1.809657,0.469632,True,1
11/16/2019 11:00:00 PM,11/16/2019 6:00:00 PM,51298,PEPCO,,,ZONE,,29.120000,32.028155,2.476090,0.436232,True,1
11/17/2019 12:00:00 AM,11/16/2019 7:00:00 PM,51298,PEPCO,,,ZONE,,26.850000,30.648594,3.338997,0.460430,True,1
11/17/2019 1:00:00 AM,11/16/2019 8:00:00 PM,51298,PEPCO,,,ZONE,,25.140000,27.533435,1.947834,0.448101,True,1
11/17/2019 2:00:00 AM,11/16/2019 9:00:00 PM,51298,PEPCO,,,ZONE,,23.770000,24.392918,0.149767,0.469817,True,1
11/17/2019 3:00:00 AM,11/16/2019 10:00:00 PM,51298,PEPCO,,,ZONE,,23.030000,23.516252,0.008333,0.474585,True,1
11/17/2019 4:00:00 AM,11/16/2019 11:00:00 PM,51298,PEPCO,,,ZONE,,23.120000,23.574947,-0.006667,0.463280,True,1
11/17/2019 5:00:00 AM,11/17/2019 12:00:00 AM,51298,PEPCO,,,ZONE,,25.770000,26.206426,0.025523,0.411737,True,1
11/17/2019 6:00:00 AM,11/17/2019 1:00:00 AM,51298,PEPCO,,,ZONE,,24.520000,24.856043,0.005833,0.333543,True,1
11/17/2019 7:00:00 AM,11/17/2019 2:00:00 AM,51298,PEPCO,,,ZONE,,24.150000,24.448986,0.000000,0.302319,True,1
11/17/2019 8:00:00 AM,11/17/2019 3:00:00 AM,51298,PEPCO,,,ZONE,,23.560000,23.867457,0.000000,0.309124,True,1
11/17/2019 9:00:00 AM,11/17/2019 4:00:00 AM,51298,PEPCO,,,ZONE,,22.690000,22.987310,0.000000,0.298144,True,1
11/17/2019 10:00:00 AM,11/17/2019 5:00:00 AM,51298,PEPCO,,,ZONE,,23.310000,23.611413,0.000000,0.298080,True,1
11/17/2019 11:00:00 AM,11/17/2019 6:00:00 AM,51298,PEPCO,,,ZONE,,24.920000,25.226764,0.000000,0.308430,True,1
11/17/2019 12:00:00 PM,11/17/2019 7:00:00 AM,51298,PEPCO,,,ZONE,,28.490000,28.922112,0.076659,0.353786,True,1
11/17/2019 1:00:00 PM,11/17/2019 8:00:00 AM,51298,PEPCO,,,ZONE,,39.510000,41.474255,1.451694,0.517561,True,1
11/17/2019 2:00:00 PM,11/17/2019 9:00:00 AM,51298,PEPCO,,,ZONE,,27.200000,27.552614,0.000000,0.353447,True,1
11/17/2019 3:00:00 PM,11/17/2019 10:00:00 AM,51298,PEPCO,,,ZONE,,24.210000,24.584810,0.000000,0.379810,True,1
11/17/2019 4:00:00 PM,11/17/2019 11:00:00 AM,51298,PEPCO,,,ZONE,,24.210000,24.605497,0.000000,0.394663,True,1
11/17/2019 5:00:00 PM,11/17/2019 12:00:00 PM,51298,PEPCO,,,ZONE,,23.860000,24.264361,0.000000,0.409361,True,1
11/17/2019 6:00:00 PM,11/17/2019 1:00:00 PM,51298,PEPCO,,,ZONE,,24.270000,24.668202,-0.013070,0.413773,True,1
11/17/2019 7:00:00 PM,11/17/2019 2:00:00 PM,51298,PEPCO,,,ZONE,,24.330000,24.717159,-0.007767,0.399925,True,1
11/17/2019 8:00:00 PM,11/17/2019 3:00:00 PM,51298,PEPCO,,,ZONE,,25.990000,26.395403,-0.016347,0.417583,True,1
11/17/2019 9:00:00 PM,11/17/2019 4:00:00 PM,51298,PEPCO,,,ZONE,,25.340000,25.712198,-0.018253,0.392118,True,1
11/17/2019 10:00:00 PM,11/17/2019 5:00:00 PM,51298,PEPCO,,,ZONE,,32.730000,33.224111,-0.006928,0.500205,True,1
11/17/2019 11:00:00 PM,11/17/2019 6:00:00 PM,51298,PEPCO,,,ZONE,,29.790000,30.222526,0.004583,0.423777,True,1
11/18/2019 12:00:00 AM,11/17/2019 7:00:00 PM,51298,PEPCO,,,ZONE,,32.630000,37.467273,4.349606,0.484333,True,1
11/18/2019 1:00:00 AM,11/17/2019 8:00:00 PM,51298,PEPCO,,,ZONE,,27.990000,28.377108,0.000000,0.387108,True,1
11/18/2019 2:00:00 AM,11/17/2019 9:00:00 PM,51298,PEPCO,,,ZONE,,23.550000,23.884945,0.000000,0.330778,True,1
11/18/2019 3:00:00 AM,11/17/2019 10:00:00 PM,51298,PEPCO,,,ZONE,,24.300000,24.627132,0.000000,0.323798,True,1
11/18/2019 4:00:00 AM,11/17/2019 11:00:00 PM,51298,PEPCO,,,ZONE,,22.740000,23.050101,0.000000,0.315101,True,1
11/18/2019 5:00:00 AM,11/18/2019 12:00:00 AM,51298,PEPCO,,,ZONE,,21.810000,22.098231,0.000000,0.284064,True,1
11/18/2019 6:00:00 AM,11/18/2019 1:00:00 AM,51298,PEPCO,,,ZONE,,22.240000,22.482980,0.000000,0.247147,True,1
11/18/2019 7:00:00 AM,11/18/2019 2:00:00 AM,51298,PEPCO,,,ZONE,,23.680000,23.978911,0.004167,0.291411,True,1
11/18/2019 8:00:00 AM,11/18/2019 3:00:00 AM,51298,PEPCO,,,ZONE,,22.740000,23.377119,0.333279,0.303840,True,1
11/18/2019 9:00:00 AM,11/18/2019 4:00:00 AM,51298,PEPCO,,,ZONE,,24.030000,24.349851,0.000000,0.318185,True,1
11/18/2019 10:00:00 AM,11/18/2019 5:00:00 AM,51298,PEPCO,,,ZONE,,26.270000,27.644785,1.000442,0.371010,True,1
11/18/2019 11:00:00 AM,11/18/2019 6:00:00 AM,51298,PEPCO,,,ZONE,,423.440000,649.957303,221.223862,5.298441,True,1
11/18/2019 12:00:00 PM,11/18/2019 7:00:00 AM,51298,PEPCO,,,ZONE,,29.240000,32.069221,2.505049,0.326671,True,1
11/18/2019 1:00:00 PM,11/18/2019 8:00:00 AM,51298,PEPCO,,,ZONE,,62.610000,82.111842,18.905617,0.600392,True,1
11/18/2019 2:00:00 PM,11/18/2019 9:00:00 AM,51298,PEPCO,,,ZONE,,30.130000,32.747681,2.253345,0.366002,True,1
11/18/2019 3:00:00 PM,11/18/2019 10:00:00 AM,51298,PEPCO,,,ZONE,,71.290000,72.581192,0.519184,0.770342,True,1
11/18/2019 4:00:00 PM,11/18/2019 11:00:00 AM,51298,PEPCO,,,ZONE,,39.900000,40.741407,0.250471,0.586769,True,1
11/18/2019 5:00:00 PM,11/18/2019 12:00:00 PM,51298,PEPCO,,,ZONE,,31.990000,32.450228,0.008325,0.451069,True,1
11/18/2019 6:00:00 PM,11/18/2019 1:00:00 PM,51298,PEPCO,,,ZONE,,41.940000,42.785559,0.410634,0.437426,True,1
11/18/2019 7:00:00 PM,11/18/2019 2:00:00 PM,51298,PEPCO,,,ZONE,,18.310000,25.085002,6.601763,0.174071,True,1
11/18/2019 8:00:00 PM,11/18/2019 3:00:00 PM,51298,PEPCO,,,ZONE,,6.100000,24.673051,18.464237,0.109648,True,1
11/18/2019 9:00:00 PM,11/18/2019 4:00:00 PM,51298,PEPCO,,,ZONE,,9.440000,22.594473,12.969803,0.183003,True,1
11/18/2019 10:00:00 PM,11/18/2019 5:00:00 PM,51298,PEPCO,,,ZONE,,37.850000,38.540979,0.047206,0.647107,True,1
11/18/2019 11:00:00 PM,11/18/2019 6:00:00 PM,51298,PEPCO,,,ZONE,,38.720000,39.576220,0.310996,0.543557,True,1
11/19/2019 12:00:00 AM,11/18/2019 7:00:00 PM,51298,PEPCO,,,ZONE,,26.380000,28.403455,1.582154,0.440468,True,1
11/19/2019 1:00:00 AM,11/18/2019 8:00:00 PM,51298,PEPCO,,,ZONE,,28.760000,29.386408,0.183102,0.440806,True,1
11/19/2019 2:00:00 AM,11/18/2019 9:00:00 PM,51298,PEPCO,,,ZONE,,27.410000,27.987537,0.150644,0.424393,True,1
11/19/2019 3:00:00 AM,11/18/2019 10:00:00 PM,51298,PEPCO,,,ZONE,,25.390000,25.866800,0.131520,0.346947,True,1
11/19/2019 4:00:00 AM,11/18/2019 11:00:00 PM,51298,PEPCO,,,ZONE,,24.100000,24.625861,0.263759,0.259603,True,1
11/19/2019 5:00:00 AM,11/19/2019 12:00:00 AM,51298,PEPCO,,,ZONE,,23.310000,23.618475,0.120529,0.192113,True,1
11/19/2019 6:00:00 AM,11/19/2019 1:00:00 AM,51298,PEPCO,,,ZONE,,23.260000,23.222929,-0.224181,0.191277,True,1
11/19/2019 7:00:00 AM,11/19/2019 2:00:00 AM,51298,PEPCO,,,ZONE,,24.480000,23.016521,-1.714903,0.253924,True,1
11/19/2019 8:00:00 AM,11/19/2019 3:00:00 AM,51298,PEPCO,,,ZONE,,25.940000,24.251929,-1.973196,0.280958,True,1
11/19/2019 9:00:00 AM,11/19/2019 4:00:00 AM,51298,PEPCO,,,ZONE,,25.330000,23.984353,-1.689819,0.345005,True,1
11/19/2019 10:00:00 AM,11/19/2019 5:00:00 AM,51298,PEPCO,,,ZONE,,23.270000,22.459682,-1.108457,0.302305,True,1
11/19/2019 11:00:00 AM,11/19/2019 6:00:00 AM,51298,PEPCO,,,ZONE,,27.540000,27.700465,-0.166700,0.328832,True,1
11/19/2019 12:00:00 PM,11/19/2019 7:00:00 AM,51298,PEPCO,,,ZONE,,30.690000,31.026040,0.038516,0.295858,True,1
11/19/2019 1:00:00 PM,11/19/2019 8:00:00 AM,51298,PEPCO,,,ZONE,,30.950000,30.315967,-0.891962,0.260429,True,1
11/19/2019 2:00:00 PM,11/19/2019 9:00:00 AM,51298,PEPCO,,,ZONE,,35.220000,37.723667,2.363952,0.144714,True,1
11/19/2019 3:00:00 PM,11/19/2019 10:00:00 AM,51298,PEPCO,,,ZONE,,46.760000,47.081515,0.332688,-0.013673,True,1
11/19/2019 4:00:00 PM,11/19/2019 11:00:00 AM,51298,PEPCO,,,ZONE,,31.990000,29.429155,-2.529978,-0.028367,True,1
11/19/2019 5:00:00 PM,11/19/2019 12:00:00 PM,51298,PEPCO,,,ZONE,,29.070000,26.791950,-2.222789,-0.056095,True,1
11/19/2019 6:00:00 PM,11/19/2019 1:00:00 PM,51298,PEPCO,,,ZONE,,26.060000,24.449746,-1.524910,-0.080345,True,1
11/19/2019 7:00:00 PM,11/19/2019 2:00:00 PM,51298,PEPCO,,,ZONE,,25.760000,24.938948,-0.751939,-0.071613,True,1
11/19/2019 8:00:00 PM,11/19/2019 3:00:00 PM,51298,PEPCO,,,ZONE,,26.270000,25.230508,-1.021195,-0.020797,True,1
11/19/2019 9:00:00 PM,11/19/2019 4:00:00 PM,51298,PEPCO,,,ZONE,,25.000000,24.419868,-0.599306,0.023340,True,1
11/19/2019 10:00:00 PM,11/19/2019 5:00:00 PM,51298,PEPCO,,,ZONE,,30.310000,29.743224,-0.663800,0.092858,True,1
11/19/2019 11:00:00 PM,11/19/2019 6:00:00 PM,51298,PEPCO,,,ZONE,,29.400000,29.119270,-0.321210,0.042147,True,1
11/20/2019 12:00:00 AM,11/19/2019 7:00:00 PM,51298,PEPCO,,,ZONE,,25.930000,25.520699,-0.442204,0.037069,True,1
11/20/2019 1:00:00 AM,11/19/2019 8:00:00 PM,51298,PEPCO,,,ZONE,,28.790000,28.170095,-0.647970,0.033066,True,1
11/20/2019 2:00:00 AM,11/19/2019 9:00:00 PM,51298,PEPCO,,,ZONE,,29.540000,28.590236,-0.964265,0.011168,True,1
11/20/2019 3:00:00 AM,11/19/2019 10:00:00 PM,51298,PEPCO,,,ZONE,,26.180000,25.424456,-0.898190,0.142646,True,1
11/20/2019 4:00:00 AM,11/19/2019 11:00:00 PM,51298,PEPCO,,,ZONE,,22.710000,22.056847,-0.801127,0.144641,True,1
11/20/2019 5:00:00 AM,11/20/2019 12:00:00 AM,51298,PEPCO,,,ZONE,,21.570000,21.104673,-0.641669,0.178009,True,1
11/20/2019 6:00:00 AM,11/20/2019 1:00:00 AM,51298,PEPCO,,,ZONE,,21.140000,20.657440,-0.667969,0.190408,True,1
11/20/2019 7:00:00 AM,11/20/2019 2:00:00 AM,51298,PEPCO,,,ZONE,,20.760000,20.012845,-0.927802,0.184814,True,1
11/20/2019 8:00:00 AM,11/20/2019 3:00:00 AM,51298,PEPCO,,,ZONE,,21.540000,20.823235,-0.918231,0.205632,True,1
11/20/2019 9:00:00 AM,11/20/2019 4:00:00 AM,51298,PEPCO,,,ZONE,,22.920000,22.521471,-0.932961,0.536932,True,1
11/20/2019 10:00:00 AM,11/20/2019 5:00:00 AM,51298,PEPCO,,,ZONE,,23.370000,23.007921,-0.921093,0.555680,True,1
11/20/2019 11:00:00 AM,11/20/2019 6:00:00 AM,51298,PEPCO,,,ZONE,,28.920000,28.955557,-0.588698,0.622588,True,1
11/20/2019 12:00:00 PM,11/20/2019 7:00:00 AM,51298,PEPCO,,,ZONE,,27.990000,28.682234,0.033783,0.658451,True,1
11/20/2019 1:00:00 PM,11/20/2019 8:00:00 AM,51298,PEPCO,,,ZONE,,24.800000,24.270646,-1.008403,0.479882,True,1
11/20/2019 2:00:00 PM,11/20/2019 9:00:00 AM,51298,PEPCO,,,ZONE,,25.760000,25.088548,-1.084936,0.409318,True,1
11/20/2019 3:00:00 PM,11/20/2019 10:00:00 AM,51298,PEPCO,,,ZONE,,25.130000,24.348620,-1.034367,0.255487,True,1
11/20/2019 4:00:00 PM,11/20/2019 11:00:00 AM,51298,PEPCO,,,ZONE,,25.240000,24.301588,-1.128778,0.189532,True,1
11/20/2019 5:00:00 PM,11/20/2019 12:00:00 PM,51298,PEPCO,,,ZONE,,24.890000,23.940998,-1.151104,0.200435,True,1
11/20/2019 6:00:00 PM,11/20/2019 1:00:00 PM,51298,PEPCO,,,ZONE,,23.770000,22.641584,-1.366519,0.237269,True,1
11/20/2019 7:00:00 PM,11/20/2019 2:00:00 PM,51298,PEPCO,,,ZONE,,23.410000,22.385084,-1.272333,0.245750,True,1
11/20/2019 8:00:00 PM,11/20/2019 3:00:00 PM,51298,PEPCO,,,ZONE,,22.760000,21.934391,-1.114010,0.291734,True,1
11/20/2019 9:00:00 PM,11/20/2019 4:00:00 PM,51298,PEPCO,,,ZONE,,24.290000,23.854904,-0.856809,0.424213,True,1
11/20/2019 10:00:00 PM,11/20/2019 5:00:00 PM,51298,PEPCO,,,ZONE,,39.020000,40.650183,0.744753,0.882930,True,1
11/20/2019 11:00:00 PM,11/20/2019 6:00:00 PM,51298,PEPCO,,,ZONE,,24.230000,24.768969,-0.109971,0.653107,True,1
11/21/2019 12:00:00 AM,11/20/2019 7:00:00 PM,51298,PEPCO,,,ZONE,,22.660000,24.244510,0.955136,0.631041,True,1
11/21/2019 1:00:00 AM,11/20/2019 8:00:00 PM,51298,PEPCO,,,ZONE,,23.980000,24.658104,0.006310,0.672627,True,1
11/21/2019 2:00:00 AM,11/20/2019 9:00:00 PM,51298,PEPCO,,,ZONE,,24.230000,24.220312,-0.676727,0.667872,True,1
11/21/2019 3:00:00 AM,11/20/2019 10:00:00 PM,51298,PEPCO,,,ZONE,,20.140000,21.625209,0.906794,0.579248,True,1
11/21/2019 4:00:00 AM,11/20/2019 11:00:00 PM,51298,PEPCO,,,ZONE,,20.010000,21.993846,1.293597,0.686916,True,1
