date,solar_noon_lst,sunrise_time_lst,sunset_time_lst,sunlight_duration_mins,dst_offset
1/1/2017,12:11:54,7:26:42,16:57:07,570.4081897,0
1/2/2017,12:12:22,7:26:48,16:57:56,571.1338474,0
1/3/2017,12:12:50,7:26:52,16:58:47,571.9181409,0
1/4/2017,12:13:17,7:26:54,16:59:40,572.7603415,0
1/5/2017,12:13:44,7:26:54,17:00:33,573.6596736,0
1/6/2017,12:14:10,7:26:51,17:01:28,574.6153173,0
1/7/2017,12:14:36,7:26:47,17:02:24,575.6264109,0
1/8/2017,12:15:01,7:26:40,17:03:22,576.6920536,0
1/9/2017,12:15:26,7:26:31,17:04:20,577.8113084,0
1/10/2017,12:15:50,7:26:20,17:05:19,578.9832048,0
1/11/2017,12:16:14,7:26:07,17:06:20,580.206742,0
1/12/2017,12:16:37,7:25:52,17:07:21,581.4808912,0
1/13/2017,12:16:59,7:25:35,17:08:23,582.8045988,0
1/14/2017,12:17:21,7:25:15,17:09:26,584.1767893,0
1/15/2017,12:17:42,7:24:54,17:10:30,585.5963681,0
1/16/2017,12:18:02,7:24:30,17:11:34,587.0622242,0
1/17/2017,12:18:22,7:24:05,17:12:39,588.5732329,0
1/18/2017,12:18:41,7:23:37,17:13:45,590.1282587,0
1/19/2017,12:19:00,7:23:08,17:14:51,591.7261579,0
1/20/2017,12:19:17,7:22:36,17:15:58,593.3657807,0
1/21/2017,12:19:34,7:22:03,17:17:05,595.0459741,0
1/22/2017,12:19:50,7:21:27,17:18:13,596.7655841,0
1/23/2017,12:20:05,7:20:50,17:19:21,598.523458,0
1/24/2017,12:20:20,7:20:10,17:20:29,600.3184462,0
1/25/2017,12:20:34,7:19:29,17:21:38,602.1494048,0
1/26/2017,12:20:47,7:18:46,17:22:47,604.0151967,0
1/27/2017,12:20:59,7:18:01,17:23:56,605.9146942,0
1/28/2017,12:21:10,7:17:15,17:25:05,607.8467802,0
1/29/2017,12:21:20,7:16:26,17:26:15,609.8103498,0
1/30/2017,12:21:30,7:15:36,17:27:24,611.8043118,0
1/31/2017,12:21:39,7:14:44,17:28:34,613.8275898,0
2/1/2017,12:21:47,7:13:51,17:29:43,615.8791237,0
2/2/2017,12:21:54,7:12:55,17:30:53,617.9578707,0
2/3/2017,12:22:01,7:11:59,17:32:02,620.0628059,0
2/4/2017,12:22:06,7:11:00,17:33:12,622.1929236,0
2/5/2017,12:22:11,7:10:00,17:34:21,624.3472378,0
2/6/2017,12:22:15,7:08:59,17:35:31,626.5247829,0
2/7/2017,12:22:18,7:07:56,17:36:40,628.7246141,0
2/8/2017,12:22:20,7:06:52,17:37:49,630.945808,0
2/9/2017,12:22:22,7:05:46,17:38:57,633.1874629,0
2/10/2017,12:22:23,7:04:39,17:40:06,635.4486991,0
2/11/2017,12:22:23,7:03:31,17:41:14,637.7286589,0
2/12/2017,12:22:22,7:02:21,17:42:23,640.0265069,0
2/13/2017,12:22:20,7:01:10,17:43:30,642.34143,0
2/14/2017,12:22:18,6:59:58,17:44:38,644.672637,0
2/15/2017,12:22:15,6:58:44,17:45:45,647.0193591,0
2/16/2017,12:22:11,6:57:30,17:46:52,649.3808491,0
2/17/2017,12:22:07,6:56:14,17:47:59,651.7563817,0
2/18/2017,12:22:01,6:54:57,17:49:06,654.1452529,0
2/19/2017,12:21:56,6:53:39,17:50:12,656.5467797,0
2/20/2017,12:21:49,6:52:20,17:51:18,658.9602998,0
2/21/2017,12:21:42,6:51:00,17:52:23,661.385171,0
2/22/2017,12:21:34,6:49:39,17:53:29,663.8207711,0
2/23/2017,12:21:26,6:48:18,17:54:34,666.266497,0
2/24/2017,12:21:17,6:46:55,17:55:38,668.7217646,0
2/25/2017,12:21:07,6:45:31,17:56:43,671.1860077,0
2/26/2017,12:20:57,6:44:07,17:57:46,673.6586781,0
2/27/2017,12:20:46,6:42:42,17:58:50,676.1392443,0
2/28/2017,12:20:35,6:41:16,17:59:54,678.6271913,0
3/1/2017,12:20:23,6:39:49,18:00:57,681.1220202,0
3/2/2017,12:20:11,6:38:22,18:01:59,683.6232468,0
3/3/2017,12:19:58,6:36:54,18:03:02,686.1304016,0
3/4/2017,12:19:45,6:35:25,18:04:04,688.6430288,0
3/5/2017,12:19:31,6:33:56,18:05:06,691.1606858,0
3/6/2017,12:19:17,6:32:26,18:06:07,693.6829423,0
3/7/2017,12:19:02,6:30:56,18:07:09,696.2093798,0
3/8/2017,12:18:48,6:29:25,18:08:10,698.7395907,0
3/9/2017,12:18:32,6:27:54,18:09:11,701.2731778,0
3/10/2017,12:18:17,6:26:23,18:10:11,703.8097534,0
3/11/2017,12:18:01,6:24:51,18:11:12,706.3489385,0
3/12/2017,12:17:45,6:23:18,18:12:12,708.8903626,1
3/13/2017,12:17:29,6:21:46,18:13:12,711.4336623,1
3/14/2017,12:17:12,6:20:12,18:14:11,713.978481,1
3/15/2017,12:16:55,6:18:39,18:15:11,716.524468,1
3/16/2017,12:16:38,6:17:06,18:16:10,719.0712781,1
3/17/2017,12:16:21,6:15:32,18:17:09,721.6185703,1
3/18/2017,12:16:03,6:13:58,18:18:08,724.1660078,1
3/19/2017,12:15:45,6:12:24,18:19:07,726.7132565,1
3/20/2017,12:15:28,6:10:50,18:20:05,729.2599851,1
3/21/2017,12:15:10,6:09:16,18:21:04,731.8058638,1
3/22/2017,12:14:52,6:07:41,18:22:02,734.3505638,1
3/23/2017,12:14:34,6:06:07,18:23:01,736.8937567,1
3/24/2017,12:14:16,6:04:33,18:23:59,739.4351136,1
3/25/2017,12:13:58,6:02:58,18:24:57,741.9743048,1
3/26/2017,12:13:39,6:01:24,18:25:55,744.5109985,1
3/27/2017,12:13:21,5:59:50,18:26:53,747.0448608,1
3/28/2017,12:13:03,5:58:16,18:27:51,749.5755543,1
3/29/2017,12:12:45,5:56:42,18:28:48,752.1027383,1
3/30/2017,12:12:27,5:55:08,18:29:46,754.6260674,1
3/31/2017,12:12:09,5:53:35,18:30:44,757.1451911,1
4/1/2017,12:11:52,5:52:02,18:31:41,759.6597534,1
4/2/2017,12:11:34,5:50:29,18:32:39,762.1693916,1
4/3/2017,12:11:16,5:48:56,18:33:37,764.6737364,1
4/4/2017,12:10:59,5:47:24,18:34:34,767.1724107,1
4/5/2017,12:10:42,5:45:52,18:35:32,769.665029,1
4/6/2017,12:10:25,5:44:20,18:36:30,772.1511974,1
4/7/2017,12:10:08,5:42:49,18:37:27,774.6305123,1
4/8/2017,12:09:52,5:41:19,18:38:25,777.1025601,1
4/9/2017,12:09:35,5:39:48,18:39:22,779.5669167,1
4/10/2017,12:09:19,5:38:19,18:40:20,782.023147,1
4/11/2017,12:09:04,5:36:50,18:41:18,784.4708042,1
4/12/2017,12:08:48,5:35:21,18:42:16,786.9094292,1
4/13/2017,12:08:33,5:33:53,18:43:13,789.3385504,1
4/14/2017,12:08:18,5:32:26,18:44:11,791.757683,1
4/15/2017,12:08:04,5:30:59,18:45:09,794.1663286,1
4/16/2017,12:07:50,5:29:33,18:46:07,796.5639746,1
4/17/2017,12:07:36,5:28:08,18:47:05,798.9500943,1
4/18/2017,12:07:23,5:26:43,18:48:03,801.3241456,1
4/19/2017,12:07:10,5:25:20,18:49:01,803.6855716,1
4/20/2017,12:06:58,5:23:57,18:49:59,806.0337997,1
4/21/2017,12:06:46,5:22:35,18:50:57,808.3682415,1
4/22/2017,12:06:34,5:21:13,18:51:55,810.6882922,1
4/23/2017,12:06:23,5:19:53,18:52:53,812.9933308,1
4/24/2017,12:06:12,5:18:34,18:53:51,815.2827199,1
4/25/2017,12:06:02,5:17:15,18:54:49,817.5558051,1
4/26/2017,12:05:52,5:15:58,18:55:47,819.8119152,1
4/27/2017,12:05:43,5:14:42,18:56:45,822.0503622,1
4/28/2017,12:05:34,5:13:26,18:57:42,824.2704411,1
4/29/2017,12:05:26,5:12:12,18:58:40,826.4714301,1
4/30/2017,12:05:19,5:10:59,18:59:38,828.6525903,1
5/1/2017,12:05:11,5:09:47,19:00:36,830.8131665,1
5/2/2017,12:05:05,5:08:36,19:01:33,832.9523868,1
5/3/2017,12:04:59,5:07:27,19:02:31,835.0694632,1
5/4/2017,12:04:53,5:06:18,19:03:28,837.1635916,1
5/5/2017,12:04:48,5:05:11,19:04:25,839.2339527,1
5/6/2017,12:04:44,5:04:06,19:05:22,841.279712,1
5/7/2017,12:04:40,5:03:01,19:06:19,843.3000205,1
5/8/2017,12:04:37,5:01:58,19:07:16,845.2940154,1
5/9/2017,12:04:34,5:00:56,19:08:12,847.2608204,1
5/10/2017,12:04:32,4:59:56,19:09:08,849.1995471,1
5/11/2017,12:04:31,4:58:57,19:10:04,851.1092952,1
5/12/2017,12:04:30,4:58:00,19:10:59,852.9891538,1
5/13/2017,12:04:29,4:57:04,19:11:54,854.8382021,1
5/14/2017,12:04:29,4:56:10,19:12:49,856.6555109,1
5/15/2017,12:04:30,4:55:17,19:13:43,858.4401432,1
5/16/2017,12:04:31,4:54:26,19:14:37,860.1911558,1
5/17/2017,12:04:33,4:53:36,19:15:30,861.9076005,1
5/18/2017,12:04:36,4:52:48,19:16:23,863.5885257,1
5/19/2017,12:04:39,4:52:02,19:17:16,865.2329775,1
5/20/2017,12:04:42,4:51:17,19:18:07,866.8400012,1
5/21/2017,12:04:46,4:50:34,19:18:58,868.4086435,1
5/22/2017,12:04:51,4:49:53,19:19:49,869.9379536,1
5/23/2017,12:04:56,4:49:13,19:20:39,871.4269851,1
5/24/2017,12:05:01,4:48:35,19:21:28,872.8747978,1
5/25/2017,12:05:08,4:47:59,19:22:16,874.2804597,1
5/26/2017,12:05:14,4:47:25,19:23:03,875.6430487,1
5/27/2017,12:05:21,4:46:52,19:23:50,876.9616546,1
5/28/2017,12:05:29,4:46:22,19:24:36,878.2353813,1
5/29/2017,12:05:37,4:45:53,19:25:20,879.4633484,1
5/30/2017,12:05:45,4:45:26,19:26:04,880.6446936,1
5/31/2017,12:05:54,4:45:00,19:26:47,881.7785745,1
6/1/2017,12:06:03,4:44:37,19:27:29,882.8641709,1
6/2/2017,12:06:13,4:44:15,19:28:10,883.9006865,1
6/3/2017,12:06:22,4:43:56,19:28:49,884.8873513,1
6/4/2017,12:06:33,4:43:38,19:29:27,885.8234233,1
6/5/2017,12:06:43,4:43:22,19:30:05,886.7081909,1
6/6/2017,12:06:54,4:43:08,19:30:41,887.5409743,1
6/7/2017,12:07:06,4:42:56,19:31:15,888.3211276,1
6/8/2017,12:07:17,4:42:46,19:31:48,889.0480408,1
6/9/2017,12:07:29,4:42:37,19:32:20,889.7211413,1
6/10/2017,12:07:41,4:42:31,19:32:51,890.3398957,1
6/11/2017,12:07:53,4:42:26,19:33:20,890.9038112,1
6/12/2017,12:08:05,4:42:23,19:33:48,891.4124373,1
6/13/2017,12:08:18,4:42:22,19:34:14,891.8653669,1
6/14/2017,12:08:31,4:42:23,19:34:38,892.2622376,1
6/15/2017,12:08:43,4:42:25,19:35:01,892.6027332,1
6/16/2017,12:08:56,4:42:30,19:35:23,892.8865839,1
6/17/2017,12:09:09,4:42:36,19:35:43,893.1135678,1
6/18/2017,12:09:22,4:42:44,19:36:01,893.2835114,1
6/19/2017,12:09:35,4:42:53,19:36:17,893.3962899,1
6/20/2017,12:09:48,4:43:05,19:36:32,893.451828,1
6/21/2017,12:10:01,4:43:18,19:36:45,893.4500998,1
6/22/2017,12:10:14,4:43:33,19:36:56,893.3911289,1
6/23/2017,12:10:27,4:43:49,19:37:06,893.2749887,1
6/24/2017,12:10:40,4:44:07,19:37:13,893.1018016,1
6/25/2017,12:10:53,4:44:27,19:37:19,892.8717391,1
6/26/2017,12:11:06,4:44:48,19:37:23,892.5850209,1
6/27/2017,12:11:18,4:45:11,19:37:25,892.2419144,1
6/28/2017,12:11:30,4:45:35,19:37:25,891.8427339,1
6/29/2017,12:11:42,4:46:01,19:37:24,891.3878394,1
6/30/2017,12:11:54,4:46:28,19:37:20,890.8776358,1
7/1/2017,12:12:06,4:46:56,19:37:15,890.3125715,1
7/2/2017,12:12:17,4:47:26,19:37:08,889.6931368,1
7/3/2017,12:12:28,4:47:57,19:36:58,889.0198631,1
7/4/2017,12:12:39,4:48:30,19:36:47,888.2933206,1
7/5/2017,12:12:49,4:49:03,19:36:34,887.514117,1
7/6/2017,12:12:59,4:49:38,19:36:19,886.6828959,1
7/7/2017,12:13:08,4:50:14,19:36:02,885.8003348,1
7/8/2017,12:13:18,4:50:52,19:35:44,884.8671431,1
7/9/2017,12:13:27,4:51:30,19:35:23,883.8840603,1
7/10/2017,12:13:35,4:52:09,19:35:00,882.8518543,1
7/11/2017,12:13:43,4:52:50,19:34:36,881.7713188,1
7/12/2017,12:13:50,4:53:31,19:34:10,880.6432717,1
7/13/2017,12:13:57,4:54:13,19:33:41,879.4685532,1
7/14/2017,12:14:04,4:54:57,19:33:11,878.2480231,1
7/15/2017,12:14:10,4:55:41,19:32:40,876.9825595,1
7/16/2017,12:14:16,4:56:25,19:32:06,875.6730562,1
7/17/2017,12:14:21,4:57:11,19:31:30,874.3204211,1
7/18/2017,12:14:25,4:57:57,19:30:53,872.9255739,1
7/19/2017,12:14:29,4:58:44,19:30:14,871.4894444,1
7/20/2017,12:14:32,4:59:32,19:29:33,870.0129704,1
7/21/2017,12:14:35,5:00:20,19:28:50,868.497096,1
7/22/2017,12:14:37,5:01:09,19:28:06,866.9427697,1
7/23/2017,12:14:39,5:01:59,19:27:20,865.3509427,1
7/24/2017,12:14:40,5:02:48,19:26:32,863.7225673,1
7/25/2017,12:14:41,5:03:39,19:25:42,862.0585951,1
7/26/2017,12:14:40,5:04:30,19:24:51,860.3599758,1
7/27/2017,12:14:40,5:05:21,19:23:59,858.6276552,1
7/28/2017,12:14:38,5:06:13,19:23:04,856.8625743,1
7/29/2017,12:14:37,5:07:05,19:22:08,855.065668,1
7/30/2017,12:14:34,5:07:57,19:21:11,853.2378633,1
7/31/2017,12:14:31,5:08:49,19:20:12,851.3800788,1
8/1/2017,12:14:27,5:09:42,19:19:12,849.4932233,1
8/2/2017,12:14:23,5:10:35,19:18:10,847.5781948,1
8/3/2017,12:14:18,5:11:29,19:17:07,845.6358799,1
8/4/2017,12:14:12,5:12:22,19:16:02,843.6671523,1
8/5/2017,12:14:06,5:13:16,19:14:56,841.6728728,1
8/6/2017,12:13:59,5:14:10,19:13:49,839.6538882,1
8/7/2017,12:13:52,5:15:04,19:12:40,837.6110305,1
8/8/2017,12:13:44,5:15:58,19:11:30,835.5451171,1
8/9/2017,12:13:35,5:16:52,19:10:19,833.4569493,1
8/10/2017,12:13:26,5:17:46,19:09:07,831.3473129,1
8/11/2017,12:13:17,5:18:40,19:07:53,829.2169772,1
8/12/2017,12:13:06,5:19:34,19:06:38,827.066695,1
8/13/2017,12:12:56,5:20:29,19:05:23,824.8972022,1
8/14/2017,12:12:44,5:21:23,19:04:06,822.7092179,1
8/15/2017,12:12:33,5:22:17,19:02:48,820.5034441,1
8/16/2017,12:12:20,5:23:12,19:01:29,818.2805658,1
8/17/2017,12:12:07,5:24:06,19:00:08,816.0412509,1
8/18/2017,12:11:54,5:25:00,18:58:47,813.7861503,1
8/19/2017,12:11:40,5:25:55,18:57:25,811.5158978,1
8/20/2017,12:11:26,5:26:49,18:56:03,809.2311106,1
8/21/2017,12:11:11,5:27:43,18:54:39,806.9323892,1
8/22/2017,12:10:56,5:28:37,18:53:14,804.6203178,1
8/23/2017,12:10:40,5:29:31,18:51:49,802.2954642,1
8/24/2017,12:10:24,5:30:25,18:50:22,799.9583807,1
8/25/2017,12:10:07,5:31:19,18:48:55,797.6096037,1
8/26/2017,12:09:50,5:32:13,18:47:28,795.2496546,1
8/27/2017,12:09:33,5:33:07,18:45:59,792.8790399,1
8/28/2017,12:09:15,5:34:00,18:44:30,790.4982514,1
8/29/2017,12:08:57,5:34:54,18:43:00,788.1077674,1
8/30/2017,12:08:39,5:35:48,18:41:30,785.708052,1
8/31/2017,12:08:20,5:36:41,18:39:59,783.2995566,1
9/1/2017,12:08:01,5:37:35,18:38:28,780.8827197,1
9/2/2017,12:07:42,5:38:28,18:36:56,778.4579676,1
9/3/2017,12:07:22,5:39:22,18:35:23,776.025715,1
9/4/2017,12:07:03,5:40:15,18:33:50,773.5863655,1
9/5/2017,12:06:43,5:41:08,18:32:17,771.140312,1
9/6/2017,12:06:22,5:42:02,18:30:43,768.6879372,1
9/7/2017,12:06:02,5:42:55,18:29:09,766.2296144,1
9/8/2017,12:05:41,5:43:48,18:27:34,763.765708,1
9/9/2017,12:05:20,5:44:42,18:25:59,761.296574,1
9/10/2017,12:05:00,5:45:35,18:24:24,758.8225604,1
9/11/2017,12:04:38,5:46:28,18:22:49,756.3440081,1
9/12/2017,12:04:17,5:47:21,18:21:13,753.8612516,1
9/13/2017,12:03:56,5:48:15,18:19:37,751.3746191,1
9/14/2017,12:03:35,5:49:08,18:18:01,748.8844336,1
9/15/2017,12:03:13,5:50:02,18:16:25,746.3910132,1
9/16/2017,12:02:52,5:50:55,18:14:49,743.8946719,1
9/17/2017,12:02:31,5:51:49,18:13:12,741.3957202,1
9/18/2017,12:02:09,5:52:42,18:11:36,738.8944658,1
9/19/2017,12:01:48,5:53:36,18:09:59,736.3912141,1
9/20/2017,12:01:26,5:54:30,18:08:23,733.8862688,1
9/21/2017,12:01:05,5:55:24,18:06:47,731.3799328,1
9/22/2017,12:00:44,5:56:18,18:05:10,728.8725087,1
9/23/2017,12:00:23,5:57:12,18:03:34,726.3642994,1
9/24/2017,12:00:02,5:58:06,18:01:58,723.8556088,1
9/25/2017,11:59:41,5:59:01,18:00:22,721.3467427,1
9/26/2017,11:59:21,5:59:55,17:58:46,718.8380091,1
9/27/2017,11:59:00,6:00:50,17:57:10,716.329719,1
9/28/2017,11:58:40,6:01:45,17:55:35,713.8221873,1
9/29/2017,11:58:20,6:02:41,17:53:59,711.3157331,1
9/30/2017,11:58:00,6:03:36,17:52:25,708.8106809,1
10/1/2017,11:57:41,6:04:32,17:50:50,706.3073605,1
10/2/2017,11:57:22,6:05:27,17:49:16,703.8061086,1
10/3/2017,11:57:03,6:06:24,17:47:42,701.3072687,1
10/4/2017,11:56:44,6:07:20,17:46:09,698.8111924,1
10/5/2017,11:56:26,6:08:17,17:44:36,696.3182396,1
10/6/2017,11:56:08,6:09:13,17:43:03,693.8287796,1
10/7/2017,11:55:51,6:10:11,17:41:31,691.3431914,1
10/8/2017,11:55:34,6:11:08,17:40:00,688.8618648,1
10/9/2017,11:55:17,6:12:06,17:38:29,686.3852008,1
10/10/2017,11:55:01,6:13:04,17:36:59,683.9136122,1
10/11/2017,11:54:46,6:14:02,17:35:29,681.4475247,1
10/12/2017,11:54:31,6:15:01,17:34:00,678.9873771,1
10/13/2017,11:54:16,6:16:00,17:32:32,676.5336222,1
10/14/2017,11:54:02,6:16:59,17:31:05,674.0867275,1
10/15/2017,11:53:49,6:17:59,17:29:38,671.6471757,1
10/16/2017,11:53:36,6:18:59,17:28:12,669.2154655,1
10/17/2017,11:53:23,6:19:59,17:26:47,666.792112,1
10/18/2017,11:53:12,6:21:00,17:25:23,664.3776474,1
10/19/2017,11:53:00,6:22:01,17:24:00,661.9726218,1
10/20/2017,11:52:50,6:23:03,17:22:37,659.5776035,1
10/21/2017,11:52:40,6:24:04,17:21:16,657.1931795,1
10/22/2017,11:52:31,6:25:06,17:19:56,654.8199562,1
10/23/2017,11:52:23,6:26:09,17:18:36,652.4585599,1
10/24/2017,11:52:15,6:27:12,17:17:18,650.1096372,1
10/25/2017,11:52:08,6:28:15,17:16:01,647.7738551,1
10/26/2017,11:52:02,6:29:18,17:14:45,645.4519021,1
10/27/2017,11:51:56,6:30:22,17:13:30,643.1444877,1
10/28/2017,11:51:51,6:31:26,17:12:17,640.8523435,1
10/29/2017,11:51:47,6:32:30,17:11:05,638.5762228,1
10/30/2017,11:51:44,6:33:35,17:09:54,636.3169011,1
10/31/2017,11:51:42,6:34:39,17:08:44,634.0751762,1
11/1/2017,11:51:40,6:35:45,17:07:36,631.8518682,1
11/2/2017,11:51:39,6:36:50,17:06:29,629.6478196,1
11/3/2017,11:51:39,6:37:56,17:05:23,627.4638952,1
11/4/2017,11:51:40,6:39:01,17:04:19,625.3009817,1
11/5/2017,11:51:42,6:40:07,17:03:17,623.159988,0
11/6/2017,11:51:45,6:41:13,17:02:16,621.0418445,0
11/7/2017,11:51:48,6:42:20,17:01:17,618.9475027,0
11/8/2017,11:51:52,6:43:26,17:00:19,616.877935,0
11/9/2017,11:51:58,6:44:32,16:59:23,614.8341338,0
11/10/2017,11:52:04,6:45:39,16:58:28,612.8171108,0
11/11/2017,11:52:10,6:46:46,16:57:35,610.8278967,0
11/12/2017,11:52:18,6:47:52,16:56:44,608.8675396,0
11/13/2017,11:52:27,6:48:59,16:55:55,606.9371045,0
11/14/2017,11:52:36,6:50:05,16:55:07,605.037672,0
11/15/2017,11:52:46,6:51:11,16:54:22,603.1703371,0
11/16/2017,11:52:58,6:52:17,16:53:38,601.3362076,0
11/17/2017,11:53:10,6:53:23,16:52:56,599.5364029,0
11/18/2017,11:53:22,6:54:29,16:52:16,597.7720526,0
11/19/2017,11:53:36,6:55:35,16:51:37,596.0442941,0
11/20/2017,11:53:50,6:56:40,16:51:01,594.3542715,0
11/21/2017,11:54:06,6:57:45,16:50:27,592.703133,0
11/22/2017,11:54:22,6:58:49,16:49:55,591.0920295,0
11/23/2017,11:54:39,6:59:53,16:49:24,589.5221118,0
11/24/2017,11:54:56,7:00:56,16:48:56,587.9945288,0
11/25/2017,11:55:15,7:01:59,16:48:30,586.5104247,0
11/26/2017,11:55:34,7:03:02,16:48:06,585.070937,0
11/27/2017,11:55:54,7:04:03,16:47:44,583.6771936,0
11/28/2017,11:56:14,7:05:04,16:47:24,582.33031,0
11/29/2017,11:56:35,7:06:04,16:47:06,581.0313872,0
11/30/2017,11:56:57,7:07:04,16:46:51,579.7815083,0
12/1/2017,11:57:20,7:08:02,16:46:37,578.5817362,0
12/2/2017,11:57:43,7:09:00,16:46:26,577.4331103,0
12/3/2017,11:58:07,7:09:57,16:46:17,576.336644,0
12/4/2017,11:58:31,7:10:52,16:46:10,575.2933217,0
12/5/2017,11:58:56,7:11:47,16:46:05,574.3040957,0
12/6/2017,11:59:21,7:12:40,16:46:02,573.3698838,0
12/7/2017,11:59:47,7:13:32,16:46:02,572.4915662,0
12/8/2017,12:00:14,7:14:24,16:46:04,571.669983,0
12/9/2017,12:00:40,7:15:13,16:46:08,570.905931,0
12/10/2017,12:01:08,7:16:02,16:46:14,570.2001619,0
12/11/2017,12:01:35,7:16:49,16:46:22,569.5533791,0
12/12/2017,12:02:03,7:17:34,16:46:32,568.9662357,0
12/13/2017,12:02:32,7:18:18,16:46:45,568.4393324,0
12/14/2017,12:03:00,7:19:01,16:46:59,567.9732149,0
12/15/2017,12:03:29,7:19:42,16:47:16,567.5683727,0
12/16/2017,12:03:58,7:20:21,16:47:35,567.2252367,0
12/17/2017,12:04:27,7:20:59,16:47:56,566.9441781,0
12/18/2017,12:04:57,7:21:35,16:48:18,566.7255071,0
12/19/2017,12:05:26,7:22:09,16:48:43,566.5694711,0
12/20/2017,12:05:56,7:22:42,16:49:10,566.4762548,0
12/21/2017,12:06:26,7:23:12,16:49:39,566.4459789,0
12/22/2017,12:06:55,7:23:41,16:50:10,566.4786994,0
12/23/2017,12:07:25,7:24:08,16:50:42,566.5744083,0
12/24/2017,12:07:55,7:24:33,16:51:17,566.7330327,0
12/25/2017,12:08:25,7:24:56,16:51:53,566.9544356,0
12/26/2017,12:08:54,7:25:17,16:52:31,567.2384161,0
12/27/2017,12:09:24,7:25:36,16:53:11,567.5847104,0
12/28/2017,12:09:53,7:25:53,16:53:53,567.9929926,0
12/29/2017,12:10:22,7:26:08,16:54:36,568.4628757,0
12/30/2017,12:10:51,7:26:21,16:55:20,568.9939134,0
12/31/2017,12:11:19,7:26:32,16:56:07,569.5856012,0
1/1/2018,12:11:47,7:26:40,16:56:55,570.2373785,0
1/2/2018,12:12:15,7:26:47,16:57:44,570.9486306,0
1/3/2018,12:12:43,7:26:51,16:58:35,571.7186905,0
1/4/2018,12:13:10,7:26:54,16:59:27,572.5468412,0
1/5/2018,12:13:37,7:26:54,17:00:20,573.4323184,0
1/6/2018,12:14:03,7:26:52,17:01:15,574.3743127,0
1/7/2018,12:14:29,7:26:48,17:02:10,575.3719723,0
1/8/2018,12:14:55,7:26:42,17:03:07,576.4244058,0
1/9/2018,12:15:20,7:26:34,17:04:06,577.5306848,0
1/10/2018,12:15:44,7:26:23,17:05:05,578.6898467,0
1/11/2018,12:16:08,7:26:11,17:06:05,579.9008976,0
1/12/2018,12:16:31,7:25:56,17:07:06,581.1628155,0
1/13/2018,12:16:53,7:25:39,17:08:08,582.4745524,0
1/14/2018,12:17:15,7:25:20,17:09:10,583.835038,0
1/15/2018,12:17:37,7:24:59,17:10:14,585.2431821,0
1/16/2018,12:17:57,7:24:36,17:11:18,586.6978772,0
1/17/2018,12:18:17,7:24:11,17:12:23,588.1980018,0
1/18/2018,12:18:37,7:23:44,17:13:29,589.7424229,0
1/19/2018,12:18:55,7:23:15,17:14:35,591.3299983,0
1/20/2018,12:19:13,7:22:44,17:15:42,592.9595796,0
1/21/2018,12:19:30,7:22:11,17:16:49,594.6300143,0
1/22/2018,12:19:46,7:21:36,17:17:56,596.3401484,0
1/23/2018,12:20:02,7:20:59,17:19:04,598.0888286,0
1/24/2018,12:20:16,7:20:20,17:20:13,599.8749043,0
1/25/2018,12:20:30,7:19:39,17:21:21,601.6972301,0
1/26/2018,12:20:43,7:18:57,17:22:30,603.554667,0
1/27/2018,12:20:56,7:18:12,17:23:39,605.4460848,0
1/28/2018,12:21:07,7:17:26,17:24:48,607.3703637,0
1/29/2018,12:21:18,7:16:38,17:25:58,609.3263955,0
1/30/2018,12:21:28,7:15:48,17:27:07,611.3130856,0
1/31/2018,12:21:37,7:14:57,17:28:17,613.3293538,0
2/1/2018,12:21:45,7:14:04,17:29:26,615.3741361,0
2/2/2018,12:21:52,7:13:09,17:30:36,617.446385,0
2/3/2018,12:21:59,7:12:13,17:31:45,619.5450714,0
2/4/2018,12:22:05,7:11:15,17:32:55,621.6691847,0
2/5/2018,12:22:10,7:10:15,17:34:04,623.817734,0
2/6/2018,12:22:14,7:09:14,17:35:14,625.9897486,0
2/7/2018,12:22:17,7:08:12,17:36:23,628.1842786,0
2/8/2018,12:22:20,7:07:08,17:37:32,630.4003953,0
2/9/2018,12:22:21,7:06:02,17:38:41,632.6371918,0
2/10/2018,12:22:22,7:04:56,17:39:49,634.8937827,0
2/11/2018,12:22:23,7:03:47,17:40:58,637.1693052,0
2/12/2018,12:22:22,7:02:38,17:42:06,639.4629182,0
2/13/2018,12:22:21,7:01:27,17:43:14,641.7738031,0
2/14/2018,12:22:18,7:00:15,17:44:21,644.1011636,0
2/15/2018,12:22:16,6:59:02,17:45:29,646.4442252,0
2/16/2018,12:22:12,6:57:48,17:46:36,648.8022355,0
2/17/2018,12:22:08,6:56:32,17:47:43,651.174464,0
2/18/2018,12:22:03,6:55:16,17:48:49,653.5602013,0
2/19/2018,12:21:57,6:53:58,17:49:56,655.9587593,0
2/20/2018,12:21:51,6:52:39,17:51:02,658.3694707,0
2/21/2018,12:21:44,6:51:20,17:52:07,660.7916886,0
2/22/2018,12:21:36,6:49:59,17:53:13,663.2247857,0
2/23/2018,12:21:28,6:48:38,17:54:18,665.6681545,0
2/24/2018,12:21:19,6:47:15,17:55:22,668.121206,0
2/25/2018,12:21:09,6:45:52,17:56:27,670.58337,0
2/26/2018,12:20:59,6:44:28,17:57:31,673.0540937,0
2/27/2018,12:20:49,6:43:03,17:58:35,675.5328416,0
2/28/2018,12:20:37,6:41:37,17:59:38,678.019095,0
3/1/2018,12:20:26,6:40:10,18:00:41,680.5123507,0
3/2/2018,12:20:14,6:38:43,18:01:44,683.0121213,0
3/3/2018,12:20:01,6:37:15,18:02:46,685.5179335,0
3/4/2018,12:19:48,6:35:47,18:03:49,688.0293285,0
3/5/2018,12:19:34,6:34:18,18:04:51,690.5458603,0
3/6/2018,12:19:20,6:32:48,18:05:52,693.0670957,0
3/7/2018,12:19:06,6:31:18,18:06:54,695.5926134,0
3/8/2018,12:18:51,6:29:48,18:07:55,698.1220033,0
3/9/2018,12:18:36,6:28:16,18:08:56,700.6548656,0
3/10/2018,12:18:21,6:26:45,18:09:56,703.1908103,0
3/11/2018,12:18:05,6:25:13,18:10:57,705.7294565,1
3/12/2018,12:17:49,6:23:41,18:11:57,708.2704315,1
3/13/2018,12:17:32,6:22:08,18:12:57,710.8133703,1
3/14/2018,12:17:16,6:20:35,18:13:57,713.3579148,1
3/15/2018,12:16:59,6:19:02,18:14:56,715.9037129,1
3/16/2018,12:16:42,6:17:28,18:15:55,718.4504179,1
3/17/2018,12:16:25,6:15:55,18:16:55,720.9976881,1
3/18/2018,12:16:07,6:14:21,18:17:54,723.5451856,1
3/19/2018,12:15:50,6:12:47,18:18:52,726.0925757,1
3/20/2018,12:15:32,6:11:13,18:19:51,728.6395265,1
3/21/2018,12:15:14,6:09:39,18:20:50,731.1857079,1
3/22/2018,12:14:56,6:08:04,18:21:48,733.7307909,1
3/23/2018,12:14:38,6:06:30,18:22:46,736.2744471,1
3/24/2018,12:14:20,6:04:56,18:23:45,738.8163478,1
3/25/2018,12:14:02,6:03:21,18:24:43,741.3561634,1
3/26/2018,12:13:44,6:01:47,18:25:41,743.8935628,1
3/27/2018,12:13:26,6:00:13,18:26:39,746.4282125,1
3/28/2018,12:13:08,5:58:39,18:27:36,748.9597763,1
3/29/2018,12:12:50,5:57:05,18:28:34,751.4879141,1
3/30/2018,12:12:32,5:55:31,18:29:32,754.0122818,1
3/31/2018,12:12:14,5:53:58,18:30:30,756.5325301,1
4/1/2018,12:11:56,5:52:24,18:31:27,759.0483045,1
4/2/2018,12:11:38,5:50:51,18:32:25,761.5592439,1
4/3/2018,12:11:21,5:49:19,18:33:23,764.0649808,1
4/4/2018,12:11:03,5:47:46,18:34:20,766.5651398,1
4/5/2018,12:10:46,5:46:14,18:35:18,769.0593377,1
4/6/2018,12:10:29,5:44:43,18:36:15,771.5471826,1
4/7/2018,12:10:12,5:43:11,18:37:13,774.0282733,1
4/8/2018,12:09:56,5:41:41,18:38:11,776.5021987,1
4/9/2018,12:09:39,5:40:10,18:39:08,778.9685373,1
4/10/2018,12:09:23,5:38:41,18:40:06,781.4268566,1
4/11/2018,12:09:08,5:37:11,18:41:04,783.8767128,1
4/12/2018,12:08:52,5:35:43,18:42:02,786.3176498,1
4/13/2018,12:08:37,5:34:14,18:42:59,788.7491991,1
4/14/2018,12:08:22,5:32:47,18:43:57,791.170879,1
4/15/2018,12:08:08,5:31:20,18:44:55,793.5821945,1
4/16/2018,12:07:53,5:29:54,18:45:53,795.9826366,1
4/17/2018,12:07:40,5:28:28,18:46:51,798.3716819,1
4/18/2018,12:07:26,5:27:04,18:47:49,800.7487921,1
4/19/2018,12:07:13,5:25:40,18:48:47,803.1134139,1
4/20/2018,12:07:01,5:24:17,18:49:45,805.4649785,1
4/21/2018,12:06:49,5:22:54,18:50:43,807.8029014,1
4/22/2018,12:06:37,5:21:33,18:51:41,810.1265817,1
4/23/2018,12:06:26,5:20:12,18:52:39,812.4354025,1
4/24/2018,12:06:15,5:18:53,18:53:37,814.7287302,1
4/25/2018,12:06:04,5:17:34,18:54:35,817.0059145,1
4/26/2018,12:05:55,5:16:17,18:55:33,819.2662884,1
4/27/2018,12:05:45,5:15:00,18:56:31,821.5091679,1
4/28/2018,12:05:36,5:13:44,18:57:28,823.7338521,1
4/29/2018,12:05:28,5:12:30,18:58:26,825.9396232,1
4/30/2018,12:05:20,5:11:17,18:59:24,828.1257464,1
5/1/2018,12:05:13,5:10:04,19:00:22,830.2914705,1
5/2/2018,12:05:06,5:08:53,19:01:19,832.4360274,1
5/3/2018,12:05:00,5:07:43,19:02:17,834.5586332,1
5/4/2018,12:04:55,5:06:35,19:03:14,836.6584875,1
5/5/2018,12:04:49,5:05:27,19:04:12,838.7347746,1
5/6/2018,12:04:45,5:04:21,19:05:09,840.7866636,1
5/7/2018,12:04:41,5:03:17,19:06:05,842.813309,1
5/8/2018,12:04:38,5:02:13,19:07:02,844.8138511,1
5/9/2018,12:04:35,5:01:11,19:07:58,846.7874169,1
5/10/2018,12:04:33,5:00:11,19:08:55,848.7331208,1
5/11/2018,12:04:31,4:59:11,19:09:50,850.6500651,1
5/12/2018,12:04:30,4:58:14,19:10:46,852.5373416,1
5/13/2018,12:04:29,4:57:17,19:11:41,854.3940315,1
5/14/2018,12:04:29,4:56:23,19:12:36,856.2192076,1
5/15/2018,12:04:30,4:55:30,19:13:30,858.0119346,1
5/16/2018,12:04:31,4:54:38,19:14:24,859.7712706,1
5/17/2018,12:04:33,4:53:48,19:15:18,861.4962686,1
5/18/2018,12:04:35,4:53:00,19:16:11,863.1859775,1
5/19/2018,12:04:38,4:52:13,19:17:03,864.8394436,1
5/20/2018,12:04:41,4:51:28,19:17:55,866.4557124,1
5/21/2018,12:04:45,4:50:44,19:18:46,868.0338301,1
5/22/2018,12:04:50,4:50:02,19:19:37,869.5728448,1
5/23/2018,12:04:55,4:49:22,19:20:27,871.071809,1
5/24/2018,12:05:00,4:48:44,19:21:16,872.5297808,1
5/25/2018,12:05:06,4:48:08,19:22:04,873.9458258,1
5/26/2018,12:05:13,4:47:33,19:22:52,875.3190195,1
5/27/2018,12:05:19,4:47:00,19:23:39,876.6484483,1
5/28/2018,12:05:27,4:46:29,19:24:25,877.9332126,1
5/29/2018,12:05:35,4:46:00,19:25:10,879.1724279,1
5/30/2018,12:05:43,4:45:32,19:25:54,880.3652272,1
5/31/2018,12:05:52,4:45:06,19:26:37,881.5107631,1
6/1/2018,12:06:01,4:44:43,19:27:19,882.6082097,1
6/2/2018,12:06:10,4:44:21,19:28:00,883.6567647,1
6/3/2018,12:06:20,4:44:00,19:28:40,884.6556514,1
6/4/2018,12:06:30,4:43:42,19:29:18,885.604121,1
6/5/2018,12:06:41,4:43:26,19:29:56,886.501454,1
6/6/2018,12:06:52,4:43:11,19:30:32,887.3469627,1
6/7/2018,12:07:03,4:42:59,19:31:07,888.1399929,1
6/8/2018,12:07:14,4:42:48,19:31:41,888.8799256,1
6/9/2018,12:07:26,4:42:39,19:32:13,889.566179,1
6/10/2018,12:07:38,4:42:32,19:32:44,890.1982098,1
6/11/2018,12:07:50,4:42:27,19:33:13,890.7755154,1
6/12/2018,12:08:02,4:42:24,19:33:41,891.2976348,1
6/13/2018,12:08:15,4:42:22,19:34:08,891.7641501,1
6/14/2018,12:08:28,4:42:22,19:34:33,892.1746882,1
6/15/2018,12:08:40,4:42:25,19:34:56,892.5289213,1
6/16/2018,12:08:53,4:42:29,19:35:18,892.8265683,1
6/17/2018,12:09:06,4:42:34,19:35:38,893.0673957,1
6/18/2018,12:09:19,4:42:42,19:35:57,893.2512182,1
6/19/2018,12:09:32,4:42:51,19:36:14,893.377899,1
6/20/2018,12:09:45,4:43:02,19:36:29,893.4473508,1
6/21/2018,12:09:58,4:43:15,19:36:42,893.4595357,1
6/22/2018,12:10:11,4:43:29,19:36:54,893.4144654,1
6/23/2018,12:10:24,4:43:45,19:37:04,893.3122011,1
6/24/2018,12:10:37,4:44:03,19:37:12,893.1528535,1
6/25/2018,12:10:50,4:44:22,19:37:18,892.9365821,1
6/26/2018,12:11:03,4:44:43,19:37:23,892.6635951,1
6/27/2018,12:11:15,4:45:05,19:37:25,892.3341484,1
6/28/2018,12:11:27,4:45:29,19:37:26,891.948545,1
6/29/2018,12:11:39,4:45:54,19:37:25,891.507134,1
6/30/2018,12:11:51,4:46:21,19:37:22,891.0103095,1
7/1/2018,12:12:03,4:46:49,19:37:17,890.4585095,1
7/2/2018,12:12:14,4:47:19,19:37:10,889.8522145,1
7/3/2018,12:12:25,4:47:50,19:37:01,889.1919458,1
7/4/2018,12:12:36,4:48:22,19:36:50,888.4782645,1
7/5/2018,12:12:47,4:48:55,19:36:38,887.7117695,1
7/6/2018,12:12:57,4:49:30,19:36:23,886.893096,1
7/7/2018,12:13:06,4:50:06,19:36:07,886.0229132,1
7/8/2018,12:13:16,4:50:43,19:35:49,885.1019231,1
7/9/2018,12:13:25,4:51:21,19:35:29,884.1308584,1
7/10/2018,12:13:33,4:52:00,19:35:06,883.11048,1
7/11/2018,12:13:41,4:52:40,19:34:42,882.0415757,1
7/12/2018,12:13:49,4:53:21,19:34:17,880.9249579,1
7/13/2018,12:13:56,4:54:03,19:33:49,879.7614615,1
7/14/2018,12:14:03,4:54:46,19:33:19,878.551942,1
7/15/2018,12:14:09,4:55:30,19:32:48,877.297273,1
7/16/2018,12:14:14,4:56:14,19:32:14,875.998345,1
7/17/2018,12:14:20,4:57:00,19:31:39,874.6560627,1
7/18/2018,12:14:24,4:57:46,19:31:02,873.271343,1
7/19/2018,12:14:28,4:58:33,19:30:24,871.8451137,1
7/20/2018,12:14:32,4:59:20,19:29:43,870.3783107,1
7/21/2018,12:14:35,5:00:09,19:29:01,868.871877,1
7/22/2018,12:14:37,5:00:57,19:28:17,867.3267601,1
7/23/2018,12:14:39,5:01:47,19:27:31,865.7439109,1
7/24/2018,12:14:40,5:02:36,19:26:44,864.1242815,1
7/25/2018,12:14:41,5:03:27,19:25:55,862.468824,1
7/26/2018,12:14:41,5:04:17,19:25:04,860.7784887,1
7/27/2018,12:14:40,5:05:09,19:24:12,859.0542225,1
7/28/2018,12:14:39,5:06:00,19:23:18,857.2969679,1
7/29/2018,12:14:37,5:06:52,19:22:22,855.5076611,1
7/30/2018,12:14:35,5:07:44,19:21:25,853.6872315,1
7/31/2018,12:14:32,5:08:37,19:20:27,851.8365998,1
8/1/2018,12:14:28,5:09:30,19:19:27,849.9566773,1
8/2/2018,12:14:24,5:10:23,19:18:25,848.0483648,1
8/3/2018,12:14:19,5:11:16,19:17:23,846.1125517,1
8/4/2018,12:14:14,5:12:09,19:16:18,844.150115,1
8/5/2018,12:14:08,5:13:03,19:15:13,842.1619188,1
8/6/2018,12:14:01,5:13:57,19:14:06,840.1488132,1
8/7/2018,12:13:54,5:14:51,19:12:57,838.111634,1
8/8/2018,12:13:46,5:15:45,19:11:48,836.0512022,1
8/9/2018,12:13:38,5:16:39,19:10:37,833.9683232,1
8/10/2018,12:13:29,5:17:33,19:09:25,831.8637864,1
8/11/2018,12:13:19,5:18:27,19:08:11,829.7383653,1
8/12/2018,12:13:09,5:19:21,19:06:57,827.5928166,1
8/13/2018,12:12:58,5:20:16,19:05:41,825.4278806,1
8/14/2018,12:12:47,5:21:10,19:04:25,823.2442803,1
8/15/2018,12:12:36,5:22:04,19:03:07,821.0427219,1
8/16/2018,12:12:23,5:22:59,19:01:48,818.8238947,1
8/17/2018,12:12:11,5:23:53,19:00:28,816.5884706,1
8/18/2018,12:11:57,5:24:47,18:59:07,814.3371045,1
8/19/2018,12:11:44,5:25:41,18:57:46,812.0704347,1
8/20/2018,12:11:29,5:26:36,18:56:23,809.7890822,1
8/21/2018,12:11:15,5:27:30,18:54:59,807.4936515,1
8/22/2018,12:10:59,5:28:24,18:53:35,805.1847309,1
8/23/2018,12:10:44,5:29:18,18:52:10,802.8628921,1
8/24/2018,12:10:28,5:30:12,18:50:44,800.5286911,1
8/25/2018,12:10:11,5:31:06,18:49:17,798.1826681,1
8/26/2018,12:09:54,5:32:00,18:47:49,795.8253482,1
8/27/2018,12:09:37,5:32:54,18:46:21,793.4572413,1
8/28/2018,12:09:20,5:33:47,18:44:52,791.0788431,1
8/29/2018,12:09:02,5:34:41,18:43:22,788.6906347,1
8/30/2018,12:08:43,5:35:35,18:41:52,786.2930839,1
8/31/2018,12:08:25,5:36:28,18:40:21,783.8866449,1
9/1/2018,12:08:06,5:37:22,18:38:50,781.4717595,1
9/2/2018,12:07:47,5:38:15,18:37:18,779.0488568,1
9/3/2018,12:07:27,5:39:09,18:35:46,776.6183542,1
9/4/2018,12:07:07,5:40:02,18:34:13,774.1806581,1
9/5/2018,12:06:47,5:40:55,18:32:40,771.7361637,1
9/6/2018,12:06:27,5:41:49,18:31:06,769.2852564,1
9/7/2018,12:06:07,5:42:42,18:29:32,766.8283115,1
9/8/2018,12:05:46,5:43:35,18:27:57,764.3656956,1
9/9/2018,12:05:26,5:44:29,18:26:22,761.8977665,1
9/10/2018,12:05:05,5:45:22,18:24:47,759.4248743,1
9/11/2018,12:04:44,5:46:15,18:23:12,756.9473615,1
9/12/2018,12:04:22,5:47:09,18:21:36,754.465564,1
9/13/2018,12:04:01,5:48:02,18:20:01,751.9798115,1
9/14/2018,12:03:40,5:48:55,18:18:25,749.4904281,1
9/15/2018,12:03:19,5:49:49,18:16:49,746.9977331,1
9/16/2018,12:02:57,5:50:42,18:15:12,744.5020414,1
9/17/2018,12:02:36,5:51:36,18:13:36,742.0036643,1
9/18/2018,12:02:14,5:52:29,18:11:59,739.5029101,1
9/19/2018,12:01:53,5:53:23,18:10:23,737.0000846,1
9/20/2018,12:01:32,5:54:17,18:08:46,734.4954919,1
9/21/2018,12:01:10,5:55:11,18:07:10,731.989435,1
9/22/2018,12:00:49,5:56:05,18:05:34,729.4822165,1
9/23/2018,12:00:28,5:56:59,18:03:57,726.9741391,1
9/24/2018,12:00:07,5:57:53,18:02:21,724.4655064,1
9/25/2018,11:59:46,5:58:48,18:00:45,721.9566236,1
9/26/2018,11:59:26,5:59:42,17:59:09,719.4477981,1
9/27/2018,11:59:05,6:00:37,17:57:33,716.9393402,1
9/28/2018,11:58:45,6:01:32,17:55:58,714.4315636,1
9/29/2018,11:58:25,6:02:27,17:54:23,711.9247864,1
9/30/2018,11:58:05,6:03:22,17:52:48,709.4193317,1
10/1/2018,11:57:46,6:04:18,17:51:13,706.9155278,1
10/2/2018,11:57:26,6:05:14,17:49:39,704.4137097,1
10/3/2018,11:57:07,6:06:10,17:48:05,701.9142192,1
10/4/2018,11:56:49,6:07:06,17:46:31,699.4174058,1
10/5/2018,11:56:31,6:08:03,17:44:58,696.9236274,1
10/6/2018,11:56:13,6:09:00,17:43:26,694.4332507,1
10/7/2018,11:55:55,6:09:57,17:41:54,691.9466525,1
10/8/2018,11:55:38,6:10:54,17:40:22,689.4642197,1
10/9/2018,11:55:21,6:11:52,17:38:51,686.9863506,1
10/10/2018,11:55:05,6:12:50,17:37:21,684.513455,1
10/11/2018,11:54:49,6:13:48,17:35:51,682.0459553,1
10/12/2018,11:54:34,6:14:47,17:34:22,679.5842872,1
10/13/2018,11:54:20,6:15:46,17:32:53,677.1288998,1
10/14/2018,11:54:05,6:16:45,17:31:26,674.6802572,1
10/15/2018,11:53:52,6:17:45,17:29:59,672.2388381,1
10/16/2018,11:53:39,6:18:44,17:28:33,669.8051373,1
10/17/2018,11:53:26,6:19:45,17:27:08,667.3796658,1
10/18/2018,11:53:14,6:20:45,17:25:43,664.9629517,1
10/19/2018,11:53:03,6:21:46,17:24:20,662.5555405,1
10/20/2018,11:52:52,6:22:48,17:22:57,660.1579961,1
10/21/2018,11:52:42,6:23:49,17:21:36,657.7709008,1
10/22/2018,11:52:33,6:24:51,17:20:15,655.3948564,1
10/23/2018,11:52:24,6:25:54,17:18:55,653.0304841,1
10/24/2018,11:52:17,6:26:56,17:17:37,650.6784255,1
10/25/2018,11:52:09,6:27:59,17:16:20,648.3393428,1
10/26/2018,11:52:03,6:29:03,17:15:03,646.013919,1
10/27/2018,11:51:57,6:30:06,17:13:48,643.7028586,1
10/28/2018,11:51:52,6:31:10,17:12:35,641.4068877,1
10/29/2018,11:51:48,6:32:14,17:11:22,639.1267543,1
10/30/2018,11:51:45,6:33:19,17:10:11,636.8632285,1
10/31/2018,11:51:42,6:34:24,17:09:01,634.6171026,1
11/1/2018,11:51:40,6:35:29,17:07:52,632.3891914,1
11/2/2018,11:51:39,6:36:34,17:06:45,630.1803318,1
11/3/2018,11:51:39,6:37:40,17:05:39,627.9913832,1
11/4/2018,11:51:40,6:38:45,17:04:35,625.8232272,0
11/5/2018,11:51:41,6:39:51,17:03:32,623.6767671,0
11/6/2018,11:51:44,6:40:57,17:02:30,621.5529281,0
11/7/2018,11:51:47,6:42:04,17:01:31,619.4526568,0
11/8/2018,11:51:51,6:43:10,17:00:32,617.3769204,0
11/9/2018,11:51:56,6:44:16,16:59:36,615.3267066,0
11/10/2018,11:52:02,6:45:23,16:58:41,613.3030225,0
11/11/2018,11:52:09,6:46:29,16:57:48,611.3068942,0
11/12/2018,11:52:16,6:47:36,16:56:56,609.3393657,0
11/13/2018,11:52:24,6:48:42,16:56:06,607.401498,0
11/14/2018,11:52:34,6:49:49,16:55:18,605.4943681,0
11/15/2018,11:52:44,6:50:55,16:54:32,603.6190676,0
11/16/2018,11:52:55,6:52:01,16:53:48,601.7767013,0
11/17/2018,11:53:06,6:53:07,16:53:06,599.9683861,0
11/18/2018,11:53:19,6:54:13,16:52:25,598.1952492,0
11/19/2018,11:53:33,6:55:19,16:51:46,596.4584263,0
11/20/2018,11:53:47,6:56:24,16:51:10,594.7590602,0
11/21/2018,11:54:02,6:57:29,16:50:35,593.0982982,0
11/22/2018,11:54:18,6:58:33,16:50:02,591.4772909,0
11/23/2018,11:54:34,6:59:37,16:49:31,589.8971893,0
11/24/2018,11:54:52,7:00:41,16:49:03,588.359143,0
11/25/2018,11:55:10,7:01:44,16:48:36,586.8642979,0
11/26/2018,11:55:29,7:02:47,16:48:11,585.4137931,0
11/27/2018,11:55:49,7:03:48,16:47:49,584.0087592,0
11/28/2018,11:56:09,7:04:49,16:47:28,582.6503153,0
11/29/2018,11:56:30,7:05:50,16:47:10,581.3395659,0
11/30/2018,11:56:52,7:06:49,16:46:54,580.0775991,0
12/1/2018,11:57:14,7:07:48,16:46:40,578.8654828,0
12/2/2018,11:57:37,7:08:46,16:46:28,577.7042626,0
12/3/2018,11:58:01,7:09:43,16:46:19,576.5949586,0
12/4/2018,11:58:25,7:10:39,16:46:11,575.5385624,0
12/5/2018,11:58:50,7:11:34,16:46:06,574.5360347,0
12/6/2018,11:59:15,7:12:27,16:46:03,573.588302,0
12/7/2018,11:59:41,7:13:20,16:46:02,572.6962539,0
12/8/2018,12:00:07,7:14:11,16:46:03,571.8607406,0
12/9/2018,12:00:34,7:15:01,16:46:06,571.0825698,0
12/10/2018,12:01:01,7:15:50,16:46:12,570.3625045,0
12/11/2018,12:01:28,7:16:37,16:46:19,569.7012602,0
12/12/2018,12:01:56,7:17:23,16:46:29,569.0995025,0
12/13/2018,12:02:25,7:18:08,16:46:41,568.5578451,0
12/14/2018,12:02:53,7:18:51,16:46:55,568.0768474,0
12/15/2018,12:03:22,7:19:32,16:47:12,567.6570128,0
12/16/2018,12:03:51,7:20:12,16:47:30,567.2987867,0
12/17/2018,12:04:20,7:20:50,16:47:50,567.0025551,0
12/18/2018,12:04:49,7:21:26,16:48:13,566.768643,0
12/19/2018,12:05:19,7:22:01,16:48:37,566.5973135,0
12/20/2018,12:05:49,7:22:34,16:49:03,566.4887667,0
12/21/2018,12:06:18,7:23:05,16:49:32,566.4431388,0
12/22/2018,12:06:48,7:23:34,16:50:02,566.4605018,0
12/23/2018,12:07:18,7:24:02,16:50:34,566.5408633,0
12/24/2018,12:07:48,7:24:27,16:51:08,566.6841662,0
12/25/2018,12:08:17,7:24:51,16:51:44,566.8902891,0
12/26/2018,12:08:47,7:25:12,16:52:22,567.1590468,0
12/27/2018,12:09:16,7:25:32,16:53:01,567.4901905,0
12/28/2018,12:09:46,7:25:49,16:53:42,567.8834095,0
12/29/2018,12:10:15,7:26:05,16:54:25,568.3383316,0
12/30/2018,12:10:44,7:26:18,16:55:09,568.8545247,0
12/31/2018,12:11:12,7:26:29,16:55:55,569.4314985,0
1/1/2019,12:11:41,7:26:38,16:56:43,570.0687058,0
1/2/2019,12:12:09,7:26:46,16:57:32,570.7655449,0
1/3/2019,12:12:36,7:26:51,16:58:22,571.5213612,0
1/4/2019,12:13:04,7:26:53,16:59:14,572.3354499,0
1/5/2019,12:13:30,7:26:54,17:00:07,573.2070578,0
1/6/2019,12:13:57,7:26:53,17:01:01,574.1353863,0
1/7/2019,12:14:23,7:26:49,17:01:57,575.1195937,0
1/8/2019,12:14:48,7:26:44,17:02:53,576.1587979,0
1/9/2019,12:15:13,7:26:36,17:03:51,577.2520792,0
1/10/2019,12:15:38,7:26:26,17:04:50,578.3984831,0
1/11/2019,12:16:02,7:26:14,17:05:50,579.597023,0
1/12/2019,12:16:25,7:26:00,17:06:51,580.8466834,0
1/13/2019,12:16:48,7:25:44,17:07:52,582.1464224,0
1/14/2019,12:17:10,7:25:25,17:08:55,583.4951748,0
1/15/2019,12:17:31,7:25:05,17:09:58,584.8918549,0
1/16/2019,12:17:52,7:24:42,17:11:02,586.3353591,0
1/17/2019,12:18:12,7:24:18,17:12:07,587.8245691,0
1/18/2019,12:18:32,7:23:51,17:13:13,589.3583543,0
1/19/2019,12:18:50,7:23:22,17:14:19,590.9355745,0
1/20/2019,12:19:08,7:22:52,17:15:25,592.5550825,0
1/21/2019,12:19:26,7:22:19,17:16:32,594.2157266,0
1/22/2019,12:19:42,7:21:45,17:17:40,595.9163528,0
1/23/2019,12:19:58,7:21:08,17:18:47,597.6558074,0
1/24/2019,12:20:13,7:20:30,17:19:56,599.432939,0
1/25/2019,12:20:27,7:19:49,17:21:04,601.2466004,0
1/26/2019,12:20:40,7:19:07,17:22:13,603.0956511,0
1/27/2019,12:20:53,7:18:23,17:23:22,604.9789585,0
1/28/2019,12:21:04,7:17:37,17:24:31,606.8953999,0
1/29/2019,12:21:15,7:16:50,17:25:41,608.8438643,0
1/30/2019,12:21:25,7:16:01,17:26:50,610.8232534,0
1/31/2019,12:21:35,7:15:10,17:28:00,612.8324835,0
2/1/2019,12:21:43,7:14:17,17:29:09,614.8704864,0
2/2/2019,12:21:51,7:13:23,17:30:19,616.9362104,0
2/3/2019,12:21:57,7:12:27,17:31:28,619.0286219,0
2/4/2019,12:22:03,7:11:29,17:32:38,621.1467055,0
2/5/2019,12:22:08,7:10:30,17:33:47,623.2894656,0
2/6/2019,12:22:13,7:09:29,17:34:57,625.4559263,0
2/7/2019,12:22:16,7:08:27,17:36:06,627.6451326,0
2/8/2019,12:22:19,7:07:23,17:37:15,629.8561507,0
2/9/2019,12:22:21,7:06:18,17:38:24,632.088068,0
2/10/2019,12:22:22,7:05:12,17:39:32,634.3399942,0
2/11/2019,12:22:22,7:04:04,17:40:41,636.6110606,0
2/12/2019,12:22:22,7:02:55,17:41:49,638.9004209,0
2/13/2019,12:22:21,7:01:45,17:42:57,641.2072511,0
2/14/2019,12:22:19,7:00:33,17:44:05,643.5307493,0
2/15/2019,12:22:16,6:59:20,17:45:12,645.8701357,0
2/16/2019,12:22:13,6:58:06,17:46:20,648.2246525,0
2/17/2019,12:22:09,6:56:51,17:47:26,650.5935639,0
2/18/2019,12:22:04,6:55:35,17:48:33,652.9761553,0
2/19/2019,12:21:58,6:54:17,17:49:39,655.3717335,0
2/20/2019,12:21:52,6:52:59,17:50:45,657.7796262,0
2/21/2019,12:21:45,6:51:39,17:51:51,660.1991813,0
2/22/2019,12:21:38,6:50:19,17:52:57,662.629767,0
2/23/2019,12:21:30,6:48:57,17:54:02,665.0707708,0
2/24/2019,12:21:21,6:47:35,17:55:07,667.5215995,0
2/25/2019,12:21:12,6:46:12,17:56:11,669.9816781,0
2/26/2019,12:21:02,6:44:48,17:57:15,672.4504497,0
2/27/2019,12:20:51,6:43:23,17:58:19,674.9273746,0
2/28/2019,12:20:40,6:41:58,17:59:22,677.4119301,0
3/1/2019,12:20:29,6:40:31,18:00:26,679.9036093,0
3/2/2019,12:20:17,6:39:04,18:01:29,682.4019208,0
3/3/2019,12:20:04,6:37:37,18:02:31,684.9063882,0
3/4/2019,12:19:51,6:36:09,18:03:34,687.416549,0
3/5/2019,12:19:38,6:34:40,18:04:36,689.9319543,0
3/6/2019,12:19:24,6:33:10,18:05:37,692.4521678,0
3/7/2019,12:19:09,6:31:40,18:06:39,694.9767653,0
3/8/2019,12:18:55,6:30:10,18:07:40,697.505334,0
3/9/2019,12:18:40,6:28:39,18:08:41,700.0374718,0
3/10/2019,12:18:24,6:27:07,18:09:42,702.5727862,1
3/11/2019,12:18:09,6:25:35,18:10:42,705.1108942,1
3/12/2019,12:17:53,6:24:03,18:11:42,707.6514213,1
3/13/2019,12:17:36,6:22:31,18:12:42,710.1940006,1
3/14/2019,12:17:20,6:20:58,18:13:42,712.7382723,1
3/15/2019,12:17:03,6:19:25,18:14:42,715.2838829,1
3/16/2019,12:16:46,6:17:51,18:15:41,717.8304846,1
3/17/2019,12:16:29,6:16:18,18:16:40,720.3777345,1
3/18/2019,12:16:11,6:14:44,18:17:39,722.9252937,1
3/19/2019,12:15:54,6:13:10,18:18:38,725.4728269,1
3/20/2019,12:15:36,6:11:36,18:19:37,728.0200016,1
3/21/2019,12:15:18,6:10:01,18:20:35,730.5664873,1
3/22/2019,12:15:00,6:08:27,18:21:34,733.1119547,1
3/23/2019,12:14:42,6:06:53,18:22:32,735.6560754,1
3/24/2019,12:14:24,6:05:18,18:23:30,738.1985208,1
3/25/2019,12:14:06,6:03:44,18:24:28,740.7389616,1
3/26/2019,12:13:48,6:02:10,18:25:26,743.2770672,1
3/27/2019,12:13:30,6:00:36,18:26:24,745.8125046,1
3/28/2019,12:13:12,5:59:02,18:27:22,748.3449384,1
3/29/2019,12:12:54,5:57:28,18:28:20,750.8740294,1
3/30/2019,12:12:36,5:55:54,18:29:18,753.3994346,1
3/31/2019,12:12:18,5:54:20,18:30:16,755.9208061,1
4/1/2019,12:12:00,5:52:47,18:31:13,758.4377906,1
4/2/2019,12:11:42,5:51:14,18:32:11,760.9500287,1
4/3/2019,12:11:25,5:49:41,18:33:09,763.4571545,1
4/4/2019,12:11:07,5:48:09,18:34:06,765.9587945,1
4/5/2019,12:10:50,5:46:37,18:35:04,768.4545676,1
4/6/2019,12:10:33,5:45:05,18:36:01,770.9440839,1
4/7/2019,12:10:16,5:43:33,18:36:59,773.4269445,1
4/8/2019,12:10:00,5:42:03,18:37:57,775.9027408,1
4/9/2019,12:09:43,5:40:32,18:38:54,778.371054,1
4/10/2019,12:09:27,5:39:02,18:39:52,780.8314541,1
4/11/2019,12:09:11,5:37:33,18:40:50,783.2835002,1
4/12/2019,12:08:56,5:36:04,18:41:48,785.7267391,1
4/13/2019,12:08:41,5:34:36,18:42:45,788.1607054,1
4/14/2019,12:08:26,5:33:08,18:43:43,790.5849207,1
4/15/2019,12:08:11,5:31:41,18:44:41,792.9988932,1
4/16/2019,12:07:57,5:30:15,18:45:39,795.4021173,1
4/17/2019,12:07:43,5:28:49,18:46:37,797.7940731,1
4/18/2019,12:07:29,5:27:24,18:47:35,800.1742259,1
4/19/2019,12:07:16,5:26:00,18:48:33,802.5420262,1
4/20/2019,12:07:04,5:24:37,18:49:31,804.8969089,1
4/21/2019,12:06:51,5:23:14,18:50:29,807.2382932,1
4/22/2019,12:06:40,5:21:53,18:51:27,809.5655822,1
4/23/2019,12:06:28,5:20:32,18:52:25,811.878163,1
4/24/2019,12:06:17,5:19:12,18:53:23,814.1754059,1
4/25/2019,12:06:07,5:17:53,18:54:21,816.4566647,1
4/26/2019,12:05:57,5:16:35,18:55:19,818.7212764,1
4/27/2019,12:05:48,5:15:18,18:56:17,820.9685611,1
4/28/2019,12:05:39,5:14:03,18:57:14,823.1978219,1
4/29/2019,12:05:30,5:12:48,18:58:12,825.4083451,1
4/30/2019,12:05:22,5:11:34,18:59:10,827.5994,1
5/1/2019,12:05:15,5:10:22,19:00:08,829.7702393,1
5/2/2019,12:05:08,5:09:10,19:01:06,831.920099,1
5/3/2019,12:05:02,5:08:00,19:02:03,834.0481988,1
5/4/2019,12:04:56,5:06:51,19:03:01,836.1537422,1
5/5/2019,12:04:51,5:05:44,19:03:58,838.2359173,1
5/6/2019,12:04:46,5:04:37,19:04:55,840.2938967,1
5/7/2019,12:04:42,5:03:32,19:05:52,842.3268383,1
5/8/2019,12:04:38,5:02:28,19:06:48,844.3338858,1
5/9/2019,12:04:36,5:01:26,19:07:45,846.3141692,1
5/10/2019,12:04:33,5:00:25,19:08:41,848.2668058,1
5/11/2019,12:04:31,4:59:26,19:09:37,850.1909008,1
5/12/2019,12:04:30,4:58:28,19:10:33,852.0855483,1
5/13/2019,12:04:29,4:57:31,19:11:28,853.9498319,1
5/14/2019,12:04:29,4:56:36,19:12:23,855.7828264,1
5/15/2019,12:04:30,4:55:42,19:13:17,857.5835981,1
5/16/2019,12:04:31,4:54:50,19:14:11,859.3512066,1
5/17/2019,12:04:32,4:54:00,19:15:05,861.0847059,1
5/18/2019,12:04:35,4:53:11,19:15:58,862.7831457,1
5/19/2019,12:04:37,4:52:24,19:16:51,864.4455728,1
5/20/2019,12:04:41,4:51:38,19:17:43,866.0710325,1
5/21/2019,12:04:44,4:50:55,19:18:34,867.6585707,1
5/22/2019,12:04:49,4:50:12,19:19:25,869.2072348,1
5/23/2019,12:04:53,4:49:32,19:20:15,870.716076,1
5/24/2019,12:04:59,4:48:53,19:21:04,872.1841507,1
5/25/2019,12:05:05,4:48:16,19:21:53,873.6105226,1
5/26/2019,12:05:11,4:47:41,19:22:41,874.9942643,1
5/27/2019,12:05:18,4:47:08,19:23:28,876.3344595,1
5/28/2019,12:05:25,4:46:36,19:24:14,877.6302049,1
5/29/2019,12:05:33,4:46:06,19:24:59,878.8806119,1
5/30/2019,12:05:41,4:45:38,19:25:44,880.0848092,1
5/31/2019,12:05:50,4:45:12,19:26:27,881.2419443,1
6/1/2019,12:05:59,4:44:48,19:27:09,882.3511859,1
6/2/2019,12:06:08,4:44:26,19:27:50,883.4117256,1
6/3/2019,12:06:18,4:44:05,19:28:30,884.4227803,1
6/4/2019,12:06:28,4:43:46,19:29:09,885.3835942,1
6/5/2019,12:06:38,4:43:30,19:29:47,886.2934404,1
6/6/2019,12:06:49,4:43:15,19:30:24,887.1516233,1
6/7/2019,12:07:00,4:43:02,19:30:59,887.9574803,1
6/8/2019,12:07:12,4:42:50,19:31:33,888.7103838,1
6/9/2019,12:07:23,4:42:41,19:32:06,889.4097425,1
6/10/2019,12:07:35,4:42:34,19:32:37,890.0550039,1
6/11/2019,12:07:47,4:42:28,19:33:07,890.6456551,1
6/12/2019,12:08:00,4:42:24,19:33:35,891.1812249,1
6/13/2019,12:08:12,4:42:22,19:34:02,891.6612849,1
6/14/2019,12:08:25,4:42:22,19:34:27,892.085451,1
6/15/2019,12:08:37,4:42:24,19:34:51,892.4533841,1
6/16/2019,12:08:50,4:42:27,19:35:13,892.764792,1
6/17/2019,12:09:03,4:42:33,19:35:34,893.0194293,1
6/18/2019,12:09:16,4:42:40,19:35:53,893.217099,1
6/19/2019,12:09:29,4:42:49,19:36:10,893.3576527,1
6/20/2019,12:09:42,4:42:59,19:36:26,893.4409908,1
6/21/2019,12:09:55,4:43:11,19:36:39,893.4670637,1
6/22/2019,12:10:08,4:43:25,19:36:52,893.4358709,1
6/23/2019,12:10:21,4:43:41,19:37:02,893.3474618,1
6/24/2019,12:10:34,4:43:58,19:37:10,893.2019349,1
6/25/2019,12:10:47,4:44:17,19:37:17,892.9994382,1
6/26/2019,12:11:00,4:44:38,19:37:22,892.7401681,1
6/27/2019,12:11:12,4:45:00,19:37:25,892.424369,1
6/28/2019,12:11:25,4:45:23,19:37:26,892.0523327,1
6/29/2019,12:11:37,4:45:48,19:37:25,891.6243973,1
6/30/2019,12:11:49,4:46:14,19:37:23,891.1409461,1
7/1/2019,12:12:00,4:46:42,19:37:18,890.6024065,1
7/2/2019,12:12:12,4:47:11,19:37:12,890.0092491,1
7/3/2019,12:12:23,4:47:42,19:37:04,889.3619854,1
7/4/2019,12:12:34,4:48:14,19:36:54,888.6611672,1
7/5/2019,12:12:44,4:48:47,19:36:41,887.9073844,1
7/6/2019,12:12:54,4:49:21,19:36:27,887.1012635,1
7/7/2019,12:13:04,4:49:57,19:36:11,886.243466,1
7/8/2019,12:13:14,4:50:34,19:35:54,885.334686,1
7/9/2019,12:13:23,4:51:11,19:35:34,884.3756491,1
7/10/2019,12:13:31,4:51:50,19:35:12,883.3671095,1
7/11/2019,12:13:39,4:52:30,19:34:49,882.309849,1
7/12/2019,12:13:47,4:53:11,19:34:23,881.2046742,1
7/13/2019,12:13:54,4:53:53,19:33:56,880.0524148,1
7/14/2019,12:14:01,4:54:36,19:33:27,878.8539215,1
7/15/2019,12:14:07,4:55:19,19:32:56,877.610064,1
7/16/2019,12:14:13,4:56:04,19:32:23,876.3217288,1
7/17/2019,12:14:19,4:56:49,19:31:48,874.9898175,1
7/18/2019,12:14:23,4:57:35,19:31:12,873.6152443,1
7/19/2019,12:14:27,4:58:22,19:30:33,872.1989347,1
7/20/2019,12:14:31,4:59:09,19:29:53,870.7418228,1
7/21/2019,12:14:34,4:59:57,19:29:12,869.2448502,1
7/22/2019,12:14:37,5:00:45,19:28:28,867.7089635,1
7/23/2019,12:14:39,5:01:35,19:27:43,866.135113,1
7/24/2019,12:14:40,5:02:24,19:26:56,864.5242509,1
7/25/2019,12:14:41,5:03:14,19:26:07,862.8773293,1
7/26/2019,12:14:41,5:04:05,19:25:17,861.1952993,1
7/27/2019,12:14:41,5:04:56,19:24:25,859.4791088,1
7/28/2019,12:14:39,5:05:48,19:23:31,857.7297015,1
7/29/2019,12:14:38,5:06:39,19:22:36,855.9480154,1
7/30/2019,12:14:36,5:07:32,19:21:40,854.1349817,1
7/31/2019,12:14:33,5:08:24,19:20:42,852.2915233,1
8/1/2019,12:14:29,5:09:17,19:19:42,850.4185541,1
8/2/2019,12:14:25,5:10:10,19:18:41,848.5169774,1
8/3/2019,12:14:21,5:11:03,19:17:38,846.5876856,1
8/4/2019,12:14:15,5:11:56,19:16:34,844.6315588,1
8/5/2019,12:14:09,5:12:50,19:15:29,842.6494644,1
8/6/2019,12:14:03,5:13:44,19:14:22,840.6422559,1
8/7/2019,12:13:56,5:14:38,19:13:14,838.6107728,1
8/8/2019,12:13:48,5:15:32,19:12:05,836.5558397,1
8/9/2019,12:13:40,5:16:26,19:10:54,834.4782658,1
8/10/2019,12:13:31,5:17:20,19:09:42,832.3788446,1
8/11/2019,12:13:22,5:18:14,19:08:29,830.2583534,1
8/12/2019,12:13:12,5:19:08,19:07:15,828.117553,1
8/13/2019,12:13:01,5:20:03,19:06:00,825.9571878,1
8/14/2019,12:12:50,5:20:57,19:04:44,823.777985,1
8/15/2019,12:12:39,5:21:51,19:03:26,821.5806549,1
8/16/2019,12:12:26,5:22:45,19:02:07,819.3658909,1
8/17/2019,12:12:14,5:23:40,19:00:48,817.1343691,1
8/18/2019,12:12:01,5:24:34,18:59:27,814.8867487,1
8/19/2019,12:11:47,5:25:28,18:58:06,812.6236718,1
8/20/2019,12:11:33,5:26:23,18:56:43,810.3457637,1
8/21/2019,12:11:18,5:27:17,18:55:20,808.053633,1
8/22/2019,12:11:03,5:28:11,18:53:56,805.7478717,1
8/23/2019,12:10:48,5:29:05,18:52:31,803.4290556,1
8/24/2019,12:10:32,5:29:59,18:51:05,801.0977445,1
8/25/2019,12:10:15,5:30:53,18:49:38,798.7544824,1
8/26/2019,12:09:59,5:31:47,18:48:11,796.399798,1
8/27/2019,12:09:42,5:32:41,18:46:43,794.0342049,1
8/28/2019,12:09:24,5:33:34,18:45:14,791.6582021,1
8/29/2019,12:09:06,5:34:28,18:43:44,789.2722742,1
8/30/2019,12:08:48,5:35:22,18:42:14,786.8768923,1
8/31/2019,12:08:29,5:36:15,18:40:44,784.4725139,1
9/1/2019,12:08:11,5:37:09,18:39:12,782.0595834,1
9/2/2019,12:07:51,5:38:02,18:37:41,779.6385333,1
9/3/2019,12:07:32,5:38:56,18:36:08,777.2097836,1
9/4/2019,12:07:12,5:39:49,18:34:36,774.7737433,1
9/5/2019,12:06:52,5:40:43,18:33:02,772.3308103,1
9/6/2019,12:06:32,5:41:36,18:31:29,769.8813722,1
9/7/2019,12:06:12,5:42:29,18:29:55,767.4258069,1
9/8/2019,12:05:51,5:43:22,18:28:20,764.9644829,1
9/9/2019,12:05:31,5:44:16,18:26:46,762.49776,1
9/10/2019,12:05:10,5:45:09,18:25:11,760.0259902,1
9/11/2019,12:04:49,5:46:02,18:23:35,757.5495177,1
9/12/2019,12:04:28,5:46:56,18:22:00,755.0686799,1
9/13/2019,12:04:06,5:47:49,18:20:24,752.583808,1
9/14/2019,12:03:45,5:48:42,18:18:48,750.0952274,1
9/15/2019,12:03:24,5:49:36,18:17:12,747.6032585,1
9/16/2019,12:03:02,5:50:29,18:15:36,745.1082171,1
9/17/2019,12:02:41,5:51:23,18:13:59,742.6104153,1
9/18/2019,12:02:20,5:52:16,18:12:23,740.1101621,1
9/19/2019,12:01:58,5:53:10,18:10:46,737.6077637,1
9/20/2019,12:01:37,5:54:04,18:09:10,735.1035246,1
9/21/2019,12:01:16,5:54:58,18:07:33,732.597748,1
9/22/2019,12:00:54,5:55:52,18:05:57,730.0907365,1
9/23/2019,12:00:33,5:56:46,18:04:21,727.5827926,1
9/24/2019,12:00:12,5:57:40,18:02:44,725.0742198,1
9/25/2019,11:59:51,5:58:34,18:01:08,722.5653226,1
9/26/2019,11:59:31,5:59:29,17:59:32,720.056408,1
9/27/2019,11:59:10,6:00:24,17:57:57,717.5477853,1
9/28/2019,11:58:50,6:01:19,17:56:21,715.0397673,1
9/29/2019,11:58:30,6:02:14,17:54:46,712.5326711,1
9/30/2019,11:58:10,6:03:09,17:53:11,710.0268184,1
10/1/2019,11:57:50,6:04:05,17:51:36,707.5225361,1
10/2/2019,11:57:31,6:05:00,17:50:02,705.0201575,1
10/3/2019,11:57:12,6:05:56,17:48:28,702.5200228,1
10/4/2019,11:56:53,6:06:53,17:46:54,700.0224794,1
10/5/2019,11:56:35,6:07:49,17:45:21,697.5278829,1
10/6/2019,11:56:17,6:08:46,17:43:48,695.0365982,1
10/7/2019,11:55:59,6:09:43,17:42:16,692.5489992,1
10/8/2019,11:55:42,6:10:40,17:40:44,690.0654704,1
10/9/2019,11:55:25,6:11:38,17:39:13,687.5864072,1
10/10/2019,11:55:09,6:12:36,17:37:42,685.1122166,1
10/11/2019,11:54:53,6:13:34,17:36:13,682.6433178,1
10/12/2019,11:54:38,6:14:32,17:34:43,680.1801431,1
10/13/2019,11:54:23,6:15:31,17:33:15,677.7231384,1
10/14/2019,11:54:09,6:16:31,17:31:47,675.272764,1
10/15/2019,11:53:55,6:17:30,17:30:20,672.829495,1
10/16/2019,11:53:42,6:18:30,17:28:54,670.3938221,1
10/17/2019,11:53:29,6:19:30,17:27:28,667.9662525,1
10/18/2019,11:53:17,6:20:31,17:26:03,665.5473099,1
10/19/2019,11:53:06,6:21:31,17:24:40,663.1375356,1
10/20/2019,11:52:55,6:22:33,17:23:17,660.7374889,1
10/21/2019,11:52:45,6:23:34,17:21:55,658.3477476,1
10/22/2019,11:52:35,6:24:36,17:20:34,655.9689087,1
10/23/2019,11:52:26,6:25:38,17:19:14,653.6015886,1
10/24/2019,11:52:18,6:26:41,17:17:56,651.2464239,1
10/25/2019,11:52:11,6:27:44,17:16:38,648.9040717,1
10/26/2019,11:52:04,6:28:47,17:15:22,646.57521,1
10/27/2019,11:51:58,6:29:51,17:14:06,644.260538,1
10/28/2019,11:51:53,6:30:55,17:12:52,641.9607765,1
10/29/2019,11:51:49,6:31:59,17:11:39,639.6766682,1
10/30/2019,11:51:45,6:33:03,17:10:28,637.4089778,1
10/31/2019,11:51:43,6:34:08,17:09:17,635.1584922,1
11/1/2019,11:51:41,6:35:13,17:08:08,632.9260207,1
11/2/2019,11:51:39,6:36:18,17:07:01,630.7123949,1
11/3/2019,11:51:39,6:37:24,17:05:55,628.5184687,0
11/4/2019,11:51:40,6:38:29,17:04:50,626.3451183,0
11/5/2019,11:51:41,6:39:35,17:03:47,624.1932418,0
11/6/2019,11:51:43,6:40:41,17:02:45,622.0637591,0
11/7/2019,11:51:46,6:41:47,17:01:45,619.9576118,0
11/8/2019,11:51:50,6:42:54,17:00:46,617.875762,0
11/9/2019,11:51:55,6:44:00,16:59:49,615.8191925,0
11/10/2019,11:52:00,6:45:07,16:58:54,613.7889058,0
11/11/2019,11:52:07,6:46:13,16:58:00,611.7859236,0
11/12/2019,11:52:14,6:47:20,16:57:08,609.8112855,0
11/13/2019,11:52:22,6:48:26,16:56:18,607.8660487,0
11/14/2019,11:52:31,6:49:33,16:55:30,605.9512864,0
11/15/2019,11:52:41,6:50:39,16:54:43,604.0680866,0
11/16/2019,11:52:52,6:51:45,16:53:58,602.2175514,0
11/17/2019,11:53:03,6:52:51,16:53:15,600.4007947,0
11/18/2019,11:53:16,6:53:57,16:52:34,598.6189415,0
11/19/2019,11:53:29,6:55:03,16:51:55,596.8731257,0
11/20/2019,11:53:43,6:56:08,16:51:18,595.1644885,0
11/21/2019,11:53:58,6:57:13,16:50:43,593.4941764,0
11/22/2019,11:54:14,6:58:18,16:50:10,591.8633395,0
11/23/2019,11:54:30,6:59:22,16:49:38,590.2731289,0
11/24/2019,11:54:47,7:00:26,16:49:09,588.724695,0
11/25/2019,11:55:05,7:01:29,16:48:42,587.2191846,0
11/26/2019,11:55:24,7:02:31,16:48:17,585.757739,0
11/27/2019,11:55:44,7:03:33,16:47:54,584.3414912,0
11/28/2019,11:56:04,7:04:35,16:47:33,582.9715632,0
11/29/2019,11:56:25,7:05:35,16:47:14,581.6490636,0
11/30/2019,11:56:46,7:06:35,16:46:58,580.3750848,0
12/1/2019,11:57:09,7:07:34,16:46:43,579.1506998,0
12/2/2019,11:57:31,7:08:32,16:46:31,577.9769602,0
12/3/2019,11:57:55,7:09:29,16:46:21,576.8548925,0
12/4/2019,11:58:19,7:10:25,16:46:12,575.7854957,0
12/5/2019,11:58:44,7:11:20,16:46:07,574.7697382,0
12/6/2019,11:59:09,7:12:14,16:46:03,573.8085552,0
12/7/2019,11:59:34,7:13:07,16:46:01,572.9028458,0
12/8/2019,12:00:00,7:13:59,16:46:02,572.05347,0
12/9/2019,12:00:27,7:14:49,16:46:05,571.2612462,0
12/10/2019,12:00:54,7:15:38,16:46:10,570.5269486,0
12/11/2019,12:01:22,7:16:26,16:46:17,569.8513044,0
12/12/2019,12:01:49,7:17:12,16:46:26,569.2349918,0
12/13/2019,12:02:17,7:17:57,16:46:38,568.6786374,0
12/14/2019,12:02:46,7:18:40,16:46:51,568.182814,0
12/15/2019,12:03:15,7:19:22,16:47:07,567.7480389,0
12/16/2019,12:03:44,7:20:02,16:47:25,567.3747718,0
12/17/2019,12:04:13,7:20:41,16:47:45,567.0634134,0
12/18/2019,12:04:42,7:21:18,16:48:07,566.8143036,0
12/19/2019,12:05:12,7:21:53,16:48:30,566.6277209,0
12/20/2019,12:05:41,7:22:26,16:48:56,566.5038807,0
12/21/2019,12:06:11,7:22:58,16:49:24,566.4429348,0
12/22/2019,12:06:41,7:23:27,16:49:54,566.4449711,0
12/23/2019,12:07:10,7:23:55,16:50:26,566.5100127,0
12/24/2019,12:07:40,7:24:21,16:50:59,566.6380183,0
12/25/2019,12:08:10,7:24:45,16:51:35,566.8288822,0
12/26/2019,12:08:40,7:25:07,16:52:12,567.0824346,0
12/27/2019,12:09:09,7:25:27,16:52:51,567.3984422,0
12/28/2019,12:09:38,7:25:45,16:53:32,567.7766093,0
12/29/2019,12:10:08,7:26:01,16:54:14,568.2165784,0
12/30/2019,12:10:36,7:26:15,16:54:58,568.717932,0
12/31/2019,12:11:05,7:26:27,16:55:44,569.2801936,0
1/1/2020,12:11:34,7:26:36,16:56:31,569.9028298,0
1/2/2020,12:12:02,7:26:44,16:57:19,570.5852519,0
1/3/2020,12:12:29,7:26:50,16:58:09,571.3268181,0
1/4/2020,12:12:57,7:26:53,16:59:01,572.1268352,0
1/5/2020,12:13:24,7:26:54,16:59:53,572.9845619,0
1/6/2020,12:13:50,7:26:53,17:00:47,573.8992102,0
1/7/2020,12:14:17,7:26:50,17:01:43,574.8699485,0
1/8/2020,12:14:42,7:26:45,17:02:39,575.8959044,0
1/9/2020,12:15:07,7:26:38,17:03:37,576.976167,0
1/10/2020,12:15:32,7:26:29,17:04:35,578.1097898,0
1/11/2020,12:15:56,7:26:17,17:05:35,579.2957939,0
1/12/2020,12:16:19,7:26:03,17:06:35,580.5331704,0
1/13/2020,12:16:42,7:25:48,17:07:37,581.8208835,0
1/14/2020,12:17:05,7:25:30,17:08:39,583.1578734,0
1/15/2020,12:17:26,7:25:10,17:09:43,584.5430589,0
1/16/2020,12:17:47,7:24:48,17:10:46,585.9753405,0
1/17/2020,12:18:07,7:24:24,17:11:51,587.4536033,0
1/18/2020,12:18:27,7:23:58,17:12:56,588.9767192,0
1/19/2020,12:18:46,7:23:30,17:14:02,590.5435501,0
1/20/2020,12:19:04,7:22:59,17:15:09,592.1529501,0
1/21/2020,12:19:21,7:22:27,17:16:16,593.8037684,0
1/22/2020,12:19:38,7:21:53,17:17:23,595.4948512,0
1/23/2020,12:19:54,7:21:17,17:18:31,597.2250446,0
1/24/2020,12:20:09,7:20:39,17:19:39,598.9931961,0
1/25/2020,12:20:23,7:19:59,17:20:47,600.7981576,0
1/26/2020,12:20:37,7:19:18,17:21:56,602.6387864,0
1/27/2020,12:20:50,7:18:34,17:23:05,604.5139478,0
1/28/2020,12:21:01,7:17:49,17:24:14,606.4225166,0
1/29/2020,12:21:13,7:17:02,17:25:23,608.3633786,0
1/30/2020,12:21:23,7:16:13,17:26:33,610.3354324,0
1/31/2020,12:21:32,7:15:22,17:27:42,612.3375904,0
2/1/2020,12:21:41,7:14:30,17:28:52,614.3687804,0
2/2/2020,12:21:49,7:13:36,17:30:02,616.4279468,0
2/3/2020,12:21:56,7:12:40,17:31:11,618.5140512,0
2/4/2020,12:22:02,7:11:43,17:32:21,620.6260738,0
2/5/2020,12:22:07,7:10:44,17:33:30,622.7630139,0
2/6/2020,12:22:12,7:09:44,17:34:39,624.9238908,0
2/7/2020,12:22:15,7:08:42,17:35:49,627.1077444,0
2/8/2020,12:22:18,7:07:39,17:36:58,629.3136355,0
2/9/2020,12:22:21,7:06:34,17:38:07,631.5406464,0
2/10/2020,12:22:22,7:05:28,17:39:15,633.7878811,0
2/11/2020,12:22:22,7:04:21,17:40:24,636.0544658,0
2/12/2020,12:22:22,7:03:12,17:41:32,638.3395487,0
2/13/2020,12:22:21,7:02:02,17:42:40,640.6423003,0
2/14/2020,12:22:19,7:00:51,17:43:48,642.9619132,0
2/15/2020,12:22:17,6:59:38,17:44:56,645.2976022,0
2/16/2020,12:22:14,6:58:24,17:46:03,647.6486043,0
2/17/2020,12:22:10,6:57:09,17:47:10,650.0141783,0
2/18/2020,12:22:05,6:55:53,17:48:17,652.3936043,0
2/19/2020,12:22:00,6:54:36,17:49:23,654.786184,0
2/20/2020,12:21:54,6:53:18,17:50:29,657.19124,0
2/21/2020,12:21:47,6:51:59,17:51:35,659.6081154,0
2/22/2020,12:21:40,6:50:38,17:52:41,662.0361734,0
2/23/2020,12:21:32,6:49:17,17:53:46,664.4747968,0
2/24/2020,12:21:23,6:47:55,17:54:51,666.9233878,0
2/25/2020,12:21:14,6:46:32,17:55:55,669.381367,0
2/26/2020,12:21:04,6:45:09,17:56:59,671.8481732,0
2/27/2020,12:20:54,6:43:44,17:58:03,674.3232625,0
2/28/2020,12:20:43,6:42:19,17:59:07,676.806108,0
2/29/2020,12:20:31,6:40:52,18:00:10,679.2961991,0
3/1/2020,12:20:19,6:39:26,18:01:13,681.7930408,0
3/2/2020,12:20:07,6:37:58,18:02:16,684.2961529,0
3/3/2020,12:19:54,6:36:30,18:03:18,686.8050698,0
3/4/2020,12:19:41,6:35:01,18:04:20,689.3193391,0
3/5/2020,12:19:27,6:33:32,18:05:22,691.8385216,0
3/6/2020,12:19:13,6:32:02,18:06:24,694.3621903,0
3/7/2020,12:18:58,6:30:32,18:07:25,696.8899296,0
3/8/2020,12:18:43,6:29:01,18:08:26,699.4213349,1
3/9/2020,12:18:28,6:27:29,18:09:27,701.9560114,1
3/10/2020,12:18:12,6:25:58,18:10:27,704.4935739,1
3/11/2020,12:17:57,6:24:26,18:11:28,707.0336459,1
3/12/2020,12:17:40,6:22:53,18:12:28,709.5758586,1
3/13/2020,12:17:24,6:21:20,18:13:27,712.1198506,1
3/14/2020,12:17:07,6:19:47,18:14:27,714.665267,1
3/15/2020,12:16:50,6:18:14,18:15:27,717.2117587,1
3/16/2020,12:16:33,6:16:40,18:16:26,719.7589815,1
3/17/2020,12:16:16,6:15:06,18:17:25,722.3065958,1
3/18/2020,12:15:58,6:13:32,18:18:24,724.8542653,1
3/19/2020,12:15:40,6:11:58,18:19:22,727.4016571,1
3/20/2020,12:15:23,6:10:24,18:20:21,729.94844,1
3/21/2020,12:15:05,6:08:50,18:21:20,732.4942847,1
3/22/2020,12:14:47,6:07:16,18:22:18,735.0388625,1
3/23/2020,12:14:29,6:05:41,18:23:16,737.581845,1
3/24/2020,12:14:11,6:04:07,18:24:14,740.1229032,1
3/25/2020,12:13:53,6:02:33,18:25:12,742.6617066,1
3/26/2020,12:13:34,6:00:58,18:26:10,745.1979232,1
3/27/2020,12:13:16,5:59:24,18:27:08,747.7312179,1
3/28/2020,12:12:58,5:57:50,18:28:06,750.2612527,1
3/29/2020,12:12:40,5:56:17,18:29:04,752.7876856,1
3/30/2020,12:12:22,5:54:43,18:30:02,755.3101698,1
3/31/2020,12:12:04,5:53:10,18:30:59,757.8283533,1
4/1/2020,12:11:47,5:51:36,18:31:57,760.3418785,1
4/2/2020,12:11:29,5:50:04,18:32:55,762.8503809,1
4/3/2020,12:11:12,5:48:31,18:33:52,765.353489,1
4/4/2020,12:10:54,5:46:59,18:34:50,767.8508236,1
4/5/2020,12:10:37,5:45:27,18:35:48,770.3419968,1
4/6/2020,12:10:20,5:43:56,18:36:45,772.8266122,1
4/7/2020,12:10:04,5:42:25,18:37:43,775.3042634,1
4/8/2020,12:09:47,5:40:54,18:38:40,777.7745342,1
4/9/2020,12:09:31,5:39:24,18:39:38,780.2369973,1
4/10/2020,12:09:15,5:37:54,18:40:36,782.6912144,1
4/11/2020,12:08:59,5:36:25,18:41:34,785.1367355,1
4/12/2020,12:08:44,5:34:57,18:42:31,787.5730981,1
4/13/2020,12:08:29,5:33:29,18:43:29,789.999827,1
4/14/2020,12:08:14,5:32:02,18:44:27,792.4164335,1
4/15/2020,12:08:00,5:30:35,18:45:25,794.8224156,1
4/16/2020,12:07:46,5:29:10,18:46:23,797.2172567,1
4/17/2020,12:07:33,5:27:45,18:47:21,799.6004258,1
4/18/2020,12:07:19,5:26:20,18:48:19,801.971377,1
4/19/2020,12:07:07,5:24:57,18:49:17,804.3295489,1
4/20/2020,12:06:54,5:23:34,18:50:15,806.6743644,1
4/21/2020,12:06:42,5:22:12,18:51:13,809.0052308,1
4/22/2020,12:06:31,5:20:51,18:52:11,811.3215388,1
4/23/2020,12:06:20,5:19:31,18:53:09,813.6226629,1
4/24/2020,12:06:09,5:18:12,18:54:07,815.9079608,1
4/25/2020,12:05:59,5:16:54,18:55:05,818.1767735,1
4/26/2020,12:05:50,5:15:37,18:56:03,820.4284253,1
4/27/2020,12:05:41,5:14:21,18:57:01,822.6622232,1
4/28/2020,12:05:32,5:13:06,18:57:58,824.8774575,1
4/29/2020,12:05:24,5:11:52,18:58:56,827.0734018,1
4/30/2020,12:05:17,5:10:39,18:59:54,829.2493125,1
5/1/2020,12:05:10,5:09:27,19:00:52,831.4044296,1
5/2/2020,12:05:03,5:08:17,19:01:49,833.5379768,1
5/3/2020,12:04:57,5:07:08,19:02:47,835.6491614,1
5/4/2020,12:04:52,5:06:00,19:03:44,837.737175,1
5/5/2020,12:04:47,5:04:53,19:04:41,839.801194,1
5/6/2020,12:04:43,5:03:48,19:05:38,841.8403796,1
5/7/2020,12:04:39,5:02:44,19:06:35,843.8538788,1
5/8/2020,12:04:36,5:01:41,19:07:31,845.840825,1
5/9/2020,12:04:34,5:00:40,19:08:28,847.8003382,1
5/10/2020,12:04:32,4:59:40,19:09:24,849.7315265,1
5/11/2020,12:04:30,4:58:41,19:10:19,851.6334865,1
5/12/2020,12:04:30,4:57:44,19:11:15,853.5053042,1
5/13/2020,12:04:29,4:56:49,19:12:10,855.3460562,1
5/14/2020,12:04:30,4:55:55,19:13:04,857.1548108,1
5/15/2020,12:04:31,4:55:03,19:13:58,858.930629,1
5/16/2020,12:04:32,4:54:12,19:14:52,860.6725659,1
5/17/2020,12:04:34,4:53:23,19:15:45,862.3796721,1
5/18/2020,12:04:37,4:52:35,19:16:38,864.0509948,1
5/19/2020,12:04:40,4:51:49,19:17:30,865.6855795,1
5/20/2020,12:04:43,4:51:05,19:18:22,867.2824716,1
5/21/2020,12:04:48,4:50:22,19:19:13,868.840718,1
5/22/2020,12:04:52,4:49:42,19:20:03,870.3593687,1
5/23/2020,12:04:58,4:49:02,19:20:53,871.8374786,1
5/24/2020,12:05:03,4:48:25,19:21:41,873.2741093,1
5/25/2020,12:05:09,4:47:49,19:22:30,874.668331,1
5/26/2020,12:05:16,4:47:16,19:23:17,876.0192245,1
5/27/2020,12:05:23,4:46:44,19:24:03,877.3258831,1
5/28/2020,12:05:31,4:46:13,19:24:49,878.5874143,1
5/29/2020,12:05:39,4:45:45,19:25:33,879.8029423,1
5/30/2020,12:05:48,4:45:18,19:26:17,880.9716099,1
5/31/2020,12:05:56,4:44:54,19:26:59,882.0925802,1
6/1/2020,12:06:06,4:44:31,19:27:41,883.1650392,1
6/2/2020,12:06:15,4:44:10,19:28:21,884.1881974,1
6/3/2020,12:06:26,4:43:51,19:29:00,885.161292,1
6/4/2020,12:06:36,4:43:33,19:29:38,886.083589,1
6/5/2020,12:06:47,4:43:18,19:30:15,886.9543849,1
6/6/2020,12:06:58,4:43:05,19:30:51,887.7730089,1
6/7/2020,12:07:09,4:42:53,19:31:25,888.5388246,1
6/8/2020,12:07:21,4:42:43,19:31:58,889.251232,1
6/9/2020,12:07:32,4:42:35,19:32:30,889.9096687,1
6/10/2020,12:07:44,4:42:29,19:33:00,890.5136121,1
6/11/2020,12:07:57,4:42:25,19:33:29,891.0625809,1
6/12/2020,12:08:09,4:42:22,19:33:56,891.5561361,1
6/13/2020,12:08:22,4:42:22,19:34:22,891.9938826,1
6/14/2020,12:08:34,4:42:23,19:34:46,892.3754706,1
6/15/2020,12:08:47,4:42:26,19:35:08,892.7005962,1
6/16/2020,12:09:00,4:42:31,19:35:29,892.9690027,1
6/17/2020,12:09:13,4:42:38,19:35:49,893.1804813,1
6/18/2020,12:09:26,4:42:46,19:36:06,893.3348718,1
6/19/2020,12:09:39,4:42:56,19:36:22,893.4320628,1
6/20/2020,12:09:52,4:43:08,19:36:37,893.4719925,1
6/21/2020,12:10:05,4:43:22,19:36:49,893.4546487,1
6/22/2020,12:10:18,4:43:37,19:37:00,893.3800686,1
6/23/2020,12:10:31,4:43:54,19:37:09,893.2483391,1
6/24/2020,12:10:44,4:44:12,19:37:16,893.0595961,1
6/25/2020,12:10:57,4:44:32,19:37:21,892.8140245,1
6/26/2020,12:11:09,4:44:54,19:37:25,892.5118571,1
6/27/2020,12:11:22,4:45:17,19:37:26,892.1533745,1
6/28/2020,12:11:34,4:45:42,19:37:26,891.7389037,1
6/29/2020,12:11:46,4:46:08,19:37:24,891.2688172,1
6/30/2020,12:11:58,4:46:35,19:37:20,890.743532,1
7/1/2020,12:12:09,4:47:04,19:37:14,890.1635084,1
7/2/2020,12:12:20,4:47:34,19:37:06,889.5292482,1
7/3/2020,12:12:31,4:48:06,19:36:57,888.8412937,1
7/4/2020,12:12:42,4:48:39,19:36:45,888.1002259,1
7/5/2020,12:12:52,4:49:13,19:36:31,887.3066627,1
7/6/2020,12:13:02,4:49:48,19:36:16,886.4612573,1
7/7/2020,12:13:12,4:50:25,19:35:58,885.5646962,1
7/8/2020,12:13:21,4:51:02,19:35:39,884.6176977,1
7/9/2020,12:13:29,4:51:41,19:35:18,883.6210093,1
7/10/2020,12:13:38,4:52:20,19:34:55,882.5754065,1
7/11/2020,12:13:45,4:53:01,19:34:30,881.4816902,1
7/12/2020,12:13:53,4:53:43,19:34:03,880.3406846,1
7/13/2020,12:14:00,4:54:25,19:33:34,879.1532359,1
7/14/2020,12:14:06,4:55:09,19:33:04,877.9202093,1
7/15/2020,12:14:12,4:55:53,19:32:31,876.6424876,1
7/16/2020,12:14:17,4:56:38,19:31:57,875.320969,1
7/17/2020,12:14:22,4:57:24,19:31:21,873.9565651,1
7/18/2020,12:14:27,4:58:10,19:30:43,872.5501986,1
7/19/2020,12:14:30,4:58:57,19:30:04,871.1028021,1
7/20/2020,12:14:34,4:59:45,19:29:22,869.6153155,1
7/21/2020,12:14:36,5:00:34,19:28:39,868.0886846,1
7/22/2020,12:14:38,5:01:23,19:27:54,866.5238589,1
7/23/2020,12:14:40,5:02:12,19:27:08,864.9217904,1
7/24/2020,12:14:41,5:03:02,19:26:19,863.2834316,1
7/25/2020,12:14:41,5:03:53,19:25:29,861.6097339,1
7/26/2020,12:14:41,5:04:44,19:24:38,859.9016462,1
7/27/2020,12:14:40,5:05:35,19:23:45,858.1601136,1
7/28/2020,12:14:38,5:06:27,19:22:50,856.3860756,1
7/29/2020,12:14:36,5:07:19,19:21:54,854.5804651,1
7/30/2020,12:14:34,5:08:11,19:20:56,852.7442073,1
7/31/2020,12:14:30,5:09:04,19:19:57,850.8782184,1
8/1/2020,12:14:26,5:09:57,19:18:56,848.9834045,1
8/2/2020,12:14:22,5:10:50,19:17:54,847.0606607,1
8/3/2020,12:14:17,5:11:43,19:16:50,845.1108703,1
8/4/2020,12:14:11,5:12:37,19:15:45,843.1349037,1
8/5/2020,12:14:05,5:13:31,19:14:39,841.1336181,1
8/6/2020,12:13:58,5:14:25,19:13:31,839.1078564,1
8/7/2020,12:13:50,5:15:18,19:12:22,837.0584469,1
8/8/2020,12:13:42,5:16:13,19:11:12,834.9862026,1
8/9/2020,12:13:33,5:17:07,19:10:00,832.8919208,1
8/10/2020,12:13:24,5:18:01,19:08:47,830.776383,1
8/11/2020,12:13:14,5:18:55,19:07:34,828.6403538,1
8/12/2020,12:13:04,5:19:49,19:06:19,826.4845818,1
8/13/2020,12:12:53,5:20:44,19:05:02,824.3097983,1
8/14/2020,12:12:42,5:21:38,19:03:45,822.1167178,1
8/15/2020,12:12:30,5:22:32,19:02:27,819.9060377,1
8/16/2020,12:12:17,5:23:27,19:01:07,817.6784385,1
8/17/2020,12:12:04,5:24:21,18:59:47,815.4345833,1
8/18/2020,12:11:51,5:25:15,18:58:26,813.1751184,1
8/19/2020,12:11:37,5:26:09,18:57:04,810.9006732,1
8/20/2020,12:11:22,5:27:04,18:55:40,808.6118602,1
8/21/2020,12:11:07,5:27:58,18:54:16,806.3092757,1
8/22/2020,12:10:52,5:28:52,18:52:51,803.9934991,1
8/23/2020,12:10:36,5:29:46,18:51:26,801.6650942,1
8/24/2020,12:10:20,5:30:40,18:49:59,799.3246087,1
8/25/2020,12:10:03,5:31:34,18:48:32,796.9725751,1
8/26/2020,12:09:46,5:32:28,18:47:04,794.6095104,1
8/27/2020,12:09:28,5:33:21,18:45:36,792.2359173,1
8/28/2020,12:09:11,5:34:15,18:44:06,789.8522839,1
8/29/2020,12:08:53,5:35:09,18:42:36,787.4590843,1
8/30/2020,12:08:34,5:36:02,18:41:06,785.0567792,1
8/31/2020,12:08:15,5:36:56,18:39:35,782.6458164,1
9/1/2020,12:07:56,5:37:49,18:38:03,780.2266309,1
9/2/2020,12:07:37,5:38:43,18:36:31,777.799646,1
9/3/2020,12:07:17,5:39:36,18:34:58,775.365273,1
9/4/2020,12:06:57,5:40:30,18:33:25,772.9239126,1
9/5/2020,12:06:37,5:41:23,18:31:52,770.4759548,1
9/6/2020,12:06:17,5:42:16,18:30:18,768.0217797,1
9/7/2020,12:05:56,5:43:10,18:28:43,765.561758,1
9/8/2020,12:05:36,5:44:03,18:27:09,763.0962516,1
9/9/2020,12:05:15,5:44:56,18:25:34,760.6256143,1
9/10/2020,12:04:54,5:45:49,18:23:58,758.1501921,1
9/11/2020,12:04:33,5:46:43,18:22:23,755.670324,1
9/12/2020,12:04:12,5:47:36,18:20:47,753.1863426,1
9/13/2020,12:03:50,5:48:29,18:19:11,750.6985746,1
9/14/2020,12:03:29,5:49:23,18:17:35,748.2073414,1
9/15/2020,12:03:08,5:50:16,18:15:59,745.7129601,1
9/16/2020,12:02:46,5:51:10,18:14:23,743.2157435,1
9/17/2020,12:02:25,5:52:03,18:12:46,740.7160011,1
9/18/2020,12:02:03,5:52:57,18:11:10,738.2140399,1
9/19/2020,12:01:42,5:53:51,18:09:33,735.7101647,1
9/20/2020,12:01:21,5:54:45,18:07:57,733.2046789,1
9/21/2020,12:00:59,5:55:39,18:06:20,730.6978851,1
9/22/2020,12:00:38,5:56:33,18:04:44,728.1900858,1
9/23/2020,12:00:17,5:57:27,18:03:08,725.6815841,1
9/24/2020,11:59:56,5:58:21,18:01:32,723.1726842,1
9/25/2020,11:59:36,5:59:16,17:59:56,720.6636924,1
9/26/2020,11:59:15,6:00:10,17:58:20,718.1549174,1
9/27/2020,11:58:55,6:01:05,17:56:44,715.646671,1
9/28/2020,11:58:35,6:02:00,17:55:09,713.1392693,1
9/29/2020,11:58:15,6:02:56,17:53:34,710.6330325,1
9/30/2020,11:57:55,6:03:51,17:51:59,708.1282864,1
10/1/2020,11:57:36,6:04:47,17:50:24,705.6253626,1
10/2/2020,11:57:16,6:05:43,17:48:50,703.1245995,1
10/3/2020,11:56:58,6:06:39,17:47:17,700.6263426,1
10/4/2020,11:56:39,6:07:35,17:45:43,698.1309457,1
10/5/2020,11:56:21,6:08:32,17:44:10,695.638771,1
10/6/2020,11:56:04,6:09:29,17:42:38,693.1501903,1
10/7/2020,11:55:46,6:10:26,17:41:06,690.6655855,1
10/8/2020,11:55:29,6:11:24,17:39:35,688.1853492,1
10/9/2020,11:55:13,6:12:22,17:38:04,685.7098854,1
10/10/2020,11:54:57,6:13:20,17:36:34,683.2396104,1
10/11/2020,11:54:42,6:14:18,17:35:05,680.7749532,1
10/12/2020,11:54:27,6:15:17,17:33:36,678.3163563,1
10/13/2020,11:54:12,6:16:16,17:32:08,675.8642765,1
10/14/2020,11:53:58,6:17:16,17:30:41,673.419185,1
10/15/2020,11:53:45,6:18:15,17:29:14,670.981569,1
10/16/2020,11:53:32,6:19:15,17:27:49,668.5519313,1
10/17/2020,11:53:20,6:20:16,17:26:24,666.1307917,1
10/18/2020,11:53:08,6:21:17,17:25:00,663.7186871,1
10/19/2020,11:52:57,6:22:18,17:23:37,661.3161724,1
10/20/2020,11:52:47,6:23:19,17:22:15,658.9238208,1
10/21/2020,11:52:37,6:24:21,17:20:54,656.5422246,1
10/22/2020,11:52:28,6:25:23,17:19:34,654.1719954,1
10/23/2020,11:52:20,6:26:26,17:18:15,651.813765,1
10/24/2020,11:52:13,6:27:29,17:16:57,649.4681854,1
10/25/2020,11:52:06,6:28:32,17:15:40,647.1359294,1
10/26/2020,11:52:00,6:29:35,17:14:24,644.8176912,1
10/27/2020,11:51:54,6:30:39,17:13:10,642.5141862,1
10/28/2020,11:51:50,6:31:43,17:11:57,640.2261518,1
10/29/2020,11:51:46,6:32:48,17:10:45,637.9543473,1
10/30/2020,11:51:43,6:33:52,17:09:34,635.6995543,1
10/31/2020,11:51:41,6:34:57,17:08:25,633.4625766,1
11/1/2020,11:51:40,6:36:02,17:07:17,631.2442404,0
11/2/2020,11:51:39,6:37:08,17:06:10,629.0453943,0
11/3/2020,11:51:39,6:38:13,17:05:05,626.866909,0
11/4/2020,11:51:40,6:39:19,17:04:02,624.7096774,0
11/5/2020,11:51:42,6:40:25,17:03:00,622.5746143,0
11/6/2020,11:51:45,6:41:31,17:01:59,620.4626557,0
11/7/2020,11:51:49,6:42:38,17:01:00,618.3747591,0
11/8/2020,11:51:53,6:43:44,17:00:03,616.3119024,0
11/9/2020,11:51:59,6:44:51,16:59:07,614.2750833,0
11/10/2020,11:52:05,6:45:57,16:58:13,612.2653189,0
11/11/2020,11:52:12,6:47:04,16:57:21,610.2836448,0
11/12/2020,11:52:20,6:48:10,16:56:30,608.3311138,0
11/13/2020,11:52:29,6:49:17,16:55:41,606.4087955,0
11/14/2020,11:52:39,6:50:23,16:54:54,604.5177745,0
11/15/2020,11:52:49,6:51:29,16:54:09,602.6591496,0
11/16/2020,11:53:00,6:52:35,16:53:25,600.834032,0
11/17/2020,11:53:13,6:53:41,16:52:44,599.0435444,0
11/18/2020,11:53:26,6:54:47,16:52:04,597.2888185,0
11/19/2020,11:53:40,6:55:52,16:51:27,595.5709941,0
11/20/2020,11:53:54,6:56:57,16:50:51,593.8912167,0
11/21/2020,11:54:10,6:58:02,16:50:17,592.2506357,0
11/22/2020,11:54:26,6:59:06,16:49:45,590.6504023,0
11/23/2020,11:54:43,7:00:10,16:49:16,589.0916673,0
11/24/2020,11:55:01,7:01:14,16:48:48,587.5755788,0
11/25/2020,11:55:19,7:02:16,16:48:22,586.1032796,0
11/26/2020,11:55:39,7:03:18,16:47:59,584.6759051,0
11/27/2020,11:55:59,7:04:20,16:47:38,583.2945803,0
11/28/2020,11:56:19,7:05:21,16:47:18,581.9604174,0
11/29/2020,11:56:41,7:06:21,16:47:01,580.674513,0
11/30/2020,11:57:03,7:07:20,16:46:46,579.4379452,0
12/1/2020,11:57:26,7:08:18,16:46:33,578.2517712,0
12/2/2020,11:57:49,7:09:15,16:46:22,577.1170239,0
12/3/2020,11:58:13,7:10:12,16:46:14,576.0347093,0
12/4/2020,11:58:37,7:11:07,16:46:08,575.0058037,0
12/5/2020,11:59:02,7:12:01,16:46:03,574.0312506,0
12/6/2020,11:59:28,7:12:55,16:46:01,573.1119582,0
12/7/2020,11:59:54,7:13:47,16:46:01,572.2487964,0
12/8/2020,12:00:20,7:14:37,16:46:04,571.442594,0
12/9/2020,12:00:47,7:15:27,16:46:08,570.6941362,0
12/10/2020,12:01:15,7:16:15,16:46:15,570.0041621,0
12/11/2020,12:01:42,7:17:01,16:46:24,569.3733619,0
12/12/2020,12:02:11,7:17:46,16:46:35,568.802375,0
12/13/2020,12:02:39,7:18:30,16:46:48,568.2917877,0
12/14/2020,12:03:08,7:19:12,16:47:03,567.8421309,0
12/15/2020,12:03:36,7:19:53,16:47:20,567.4538785,0
12/16/2020,12:04:06,7:20:32,16:47:39,567.1274457,0
12/17/2020,12:04:35,7:21:09,16:48:01,566.8631874,0
12/18/2020,12:05:04,7:21:45,16:48:24,566.6613972,0
12/19/2020,12:05:34,7:22:18,16:48:50,566.5223058,0
12/20/2020,12:06:04,7:22:50,16:49:17,566.4460807,0
12/21/2020,12:06:33,7:23:20,16:49:46,566.4328253,0
12/22/2020,12:07:03,7:23:49,16:50:18,566.4825784,0
12/23/2020,12:07:33,7:24:15,16:50:51,566.5953146,0
12/24/2020,12:08:03,7:24:39,16:51:26,566.7709436,0
12/25/2020,12:08:32,7:25:02,16:52:03,567.0093112,0
12/26/2020,12:09:02,7:25:22,16:52:41,567.3101995,0
12/27/2020,12:09:31,7:25:41,16:53:21,567.6733278,0
12/28/2020,12:10:00,7:25:57,16:54:03,568.0983535,0
12/29/2020,12:10:29,7:26:12,16:54:47,568.5848735,0
12/30/2020,12:10:58,7:26:24,16:55:32,569.1324255,0
12/31/2020,12:11:27,7:26:34,16:56:19,569.7404898,0
